id,PHt,Hs_obs,Hs_exp,IR,HL,pop,sex,length,date,oto_age,natal_region,stocked,lat,long
GOP001,0.222337125,0.960418765,0.987792322,-0.007005839,0.650510289,BROKEN,NA,NA,NA,NA,NA,,-36.45236,145.79604
GOP002,0.20137931,0.868840332,0.89492771,0.092194097,0.684392983,BROKEN,NA,NA,NA,NA,NA,,-36.4557195,145.8087243
GOP003,0.324909747,1.375038435,1.405972168,-0.347347363,0.494329465,BROKEN,NA,NA,NA,NA,NA,,-36.46523791,145.9183549
GOP004,0.234963913,0.996879977,1.026393946,-0.036712685,0.636743774,BROKEN,NA,NA,NA,NA,NA,,-36.46523791,145.9183549
GOP006,0.222413793,0.958733437,0.98766475,0.015356505,0.658339339,BROKEN,NA,NA,NA,NA,NA,,-36.43259,145.67882
GOP007,0.231644261,0.998998994,1.028909838,-0.036471124,0.63874165,BROKEN,NA,NA,NA,NA,NA,,-36.43259,145.67882
GOP010,0.212288574,0.916468218,0.943731854,0.049381719,0.666429174,BROKEN,NA,NA,NA,NA,NA,,-36.42555,145.4308
GOP011,0.208146358,0.898920735,0.925418029,0.05675972,0.674711517,BROKEN,NA,NA,NA,NA,NA,,-36.43324,145.70416
GOP014,0.207787733,0.897043363,0.92336578,0.084133784,0.687873071,BROKEN,NA,NA,NA,NA,NA,,-36.43077333,145.6972375
GOP017,0.221866097,0.951344364,0.979741669,0.005061354,0.653500871,BROKEN,NA,NA,NA,NA,NA,,-36.42319,145.53151
GOP022,0.232477446,1.001461583,1.031042491,-0.032671146,0.638086948,CAMPASPE,NA,NA,NA,NA,NA,,-36.27481562,144.7028681
GOP025,0.231034483,0.996102206,1.025936084,-0.039126181,0.635767366,CAMPASPE,NA,NA,NA,NA,NA,,-36.14625817,144.7373858
GOP030,0.228245856,0.983384028,1.013164395,-0.002275688,0.657840075,CAMPASPE,NA,NA,NA,NA,NA,,-36.43463757,144.6602517
GOP032,0.225897255,0.970892327,1.000009187,0.0265386,0.659732664,CAMPASPE,NA,NA,NA,NA,NA,,-36.43463757,144.6602517
GOP033,0.228433402,0.984751926,1.01419952,0.000487215,0.661977473,CAMPASPE,NA,NA,NA,NA,NA,,-36.43463757,144.6602517
GOP034,0.216850829,0.935423522,0.963316367,0.031243083,0.664583013,CAMPASPE,NA,NA,NA,NA,NA,,-36.43463757,144.6602517
GOP035,0.222606291,0.961658799,0.990782642,0.01648907,0.674381641,CAMPASPE,NA,NA,NA,NA,NA,,-36.43463757,144.6602517
GOP036,0.238867794,1.031412234,1.061504943,-0.06427632,0.635025281,CAMPASPE,NA,NA,NA,NA,NA,,-36.81269909,144.5124483
GOP038,0.240619621,1.037547596,1.068571115,-0.052179775,0.634938656,CAMPASPE,NA,NA,NA,NA,NA,,-36.699744,144.5256643
GOP039,0.222760291,0.962678777,0.990437473,-0.01009422,0.647186252,CAMPASPE,NA,NA,NA,NA,NA,,-36.699744,144.5256643
GOP042,0.2311402,0.996037149,1.025861933,-0.027882697,0.63855901,CAMPASPE,NA,NA,NA,NA,NA,,-36.56285,144.58766
GOP046,0.209181912,0.904151288,0.930974199,0.052256826,0.674215734,CAMPASPE,NA,NA,NA,NA,NA,,-36.41090657,144.6690037
GOP047,0.214384509,0.92643379,0.953765635,0.040182928,0.669057938,CAMPASPE,NA,NA,NA,NA,NA,,-36.41090657,144.6690037
GOP048,0.217904233,0.94484913,0.972341422,0.030568952,0.675326278,CAMPASPE,NA,NA,NA,NA,NA,,-36.41090657,144.6690037
GOP051,0.239572561,1.033751655,1.064529577,-0.061929578,0.631099053,CAMPASPE,NA,NA,NA,NA,NA,,-36.38043928,144.7088038
GOP054,0.22229893,0.959617335,0.988529655,0.000954816,0.648347074,CAMPASPE,NA,NA,NA,NA,NA,,-36.62577,144.55965
GOP060,0.231513476,0.99976636,1.029844918,-0.016957184,0.643150906,MULLAROO_LINDSAY,NA,NA,NA,NA,NA,,-34.12311,141.13879
GOP064,0.229434224,0.987990962,1.017291942,-0.008660816,0.649337578,MULLAROO_LINDSAY,NA,NA,NA,NA,NA,,-34.10594,141.22887
GOP065,0.222183709,0.95916063,0.987452224,0.000383141,0.657314333,MULLAROO_LINDSAY,NA,NA,NA,NA,NA,,-34.10594,141.22887
GOP076,0.23687193,1.012586704,1.042940492,-0.034509533,0.640721281,MULLAROO_LINDSAY,NA,NA,NA,NA,NA,,-34.09547,141.06583
GOP078,0.234345707,0.995548427,1.025956792,-0.031808063,0.634468438,MULLAROO_LINDSAY,NA,NA,NA,NA,NA,,-34.05876,141.02715
GOP080,0.232784431,0.999128548,1.029359619,-0.040735529,0.636102107,WIMMERA,NA,NA,NA,NA,NA,,-36.72191,142.33607
GOP083,0.214111922,0.893867921,0.922146076,0.061604576,0.676033326,WIMMERA,NA,NA,NA,NA,NA,,-36.69106,142.26722
GOP086,0.224887556,0.934183685,0.961631669,0.02971272,0.662649205,WIMMERA,NA,NA,NA,NA,NA,,-36.72805,142.17807
GOP090,0.238308458,0.985239824,1.012461251,-0.026189474,0.640212336,WIMMERA,NA,NA,NA,NA,NA,,-36.77859,142.06705
GOP094,0.220567376,0.951563981,0.979153665,0.02068273,0.654487647,WIMMERA,NA,NA,NA,NA,NA,,-36.70884,141.98087
GOP096,0.22292769,0.956083372,0.985312404,-0.004040501,0.645102668,WIMMERA,NA,NA,NA,NA,NA,,-36.4826,142.03405
GOP099,0.201764057,0.862005212,0.88876157,0.09913807,0.684875658,WIMMERA,NA,NA,NA,NA,NA,,-36.32538,141.98395
GOP102,0.218487395,0.938989767,0.96708205,0.00278757,0.655609566,WIMMERA,NA,NA,NA,NA,NA,,-36.13698,141.96768
GOP107,0.227973568,0.978141258,1.007420585,0.002342872,0.649831323,GOULBURN,NA,NA,NA,NA,NA,,-36.69945,145.18156
GOP110,0.234144543,1.000079418,1.030222863,-0.030802982,0.634586875,GOULBURN,NA,NA,NA,NA,NA,,-36.69945,145.18156
GOP114,0.230655313,0.989191505,1.019175604,-0.025388982,0.642977883,GOULBURN,NA,NA,NA,NA,NA,,-36.59471,145.23085
GOP115,0.223763118,0.953532179,0.982906541,0.00594235,0.646946444,GOULBURN,NA,NA,NA,NA,NA,,-36.59471,145.23085
GOP119,0.229347826,0.985902949,1.016611041,-0.022307086,0.64445308,GOULBURN,NA,NA,NA,NA,NA,,-36.29596,145.36639
GOP120,0.231689088,0.989896668,1.020769062,-0.037629217,0.637062742,GOULBURN,NA,NA,NA,NA,NA,,-36.20341,145.26793
GOP121,0.244027931,1.044676244,1.075547296,-0.060935721,0.632255474,GOULBURN,NA,NA,NA,NA,NA,,-36.20341,145.26793
GOP122,0.231025546,0.993163951,1.022266668,-0.024172102,0.643227533,GOULBURN,NA,NA,NA,NA,NA,,-36.20341,145.26793
GOP126,0.232308262,0.991824916,1.020767376,-0.018635423,0.64033202,GOULBURN,NA,NA,NA,NA,NA,,-36.15597,145.03521
GOP128,0.226049516,0.967608278,0.996884535,-0.005788029,0.645134245,GUNBOWER,NA,NA,NA,NA,NA,,-35.65354,144.14201
GOP129,0.22933034,0.98079603,1.010022081,-0.017338313,0.644268981,GUNBOWER,NA,NA,NA,NA,NA,,-35.65354,144.14201
GOP141,0.236036036,1.01710837,1.047527466,-0.032911096,0.641503725,GUNBOWER,NA,NA,NA,NA,NA,,-35.65627,144.12624
GOP142,0.222419298,0.95516665,0.983739293,-0.002981768,0.649448726,GUNBOWER,NA,NA,NA,NA,NA,,-35.65627,144.12624
GOP145,0.237307258,1.009896549,1.039645775,-0.03722568,0.62365961,GUNBOWER,NA,NA,NA,NA,NA,,-35.76514,144.2311
GOP150,0.218439716,0.941066694,0.969682916,0.02481557,0.667979586,GUNBOWER,NA,NA,NA,NA,NA,,-35.80275,144.22543
GOP151,0.221205187,0.946649933,0.975099575,0.038721014,0.671918878,GUNBOWER,NA,NA,NA,NA,NA,,-35.80275,144.22543
GOP154,0.2186278,0.944076519,0.971131052,0.031490417,0.66972913,GUNBOWER,NA,NA,NA,NA,NA,,-35.95341,144.37578
GOP155,0.224063401,0.960206767,0.988826185,0.012114229,0.659202126,GUNBOWER,NA,NA,NA,NA,NA,,-35.95341,144.37578
GOP156,0.22639485,0.97095798,1.000133975,-0.010101872,0.64368128,GUNBOWER,NA,NA,NA,NA,NA,,-35.99228,144.49307
GOP159,0.23197951,0.999088062,1.029745086,-0.038672243,0.641079235,LODDON_PYRAMID,NA,NA,NA,NA,NA,,-35.93171,144.26371
GOP173,0.220556745,0.950688103,0.977473718,0.025068578,0.661027528,LODDON_PYRAMID,NA,NA,NA,NA,NA,,-36.01213,143.83266
GOP174,0.219657223,0.946347312,0.974944835,0.02295779,0.660174059,LODDON_PYRAMID,NA,NA,NA,NA,NA,,-35.70354,143.9196
GOP181,0.230851064,0.996197309,1.026026901,-0.030271648,0.641036507,MURRAY-mid,NA,NA,NA,NA,NA,,-34.653286,142.870987
GOP182,0.220387653,0.950159453,0.978592323,-0.001311717,0.652026968,MURRAY-mid,NA,NA,NA,NA,NA,,-34.653286,142.870987
GOP183,0.223949135,0.963509701,0.992162556,-0.003327723,0.643321828,MURRAY-mid,NA,NA,NA,NA,NA,,-34.653286,142.870987
GOP198,0.228743416,0.975743957,1.005067251,0.009212118,0.653574724,MURRAY-mid,NA,NA,NA,NA,NA,,-35.052036,143.330906
GOP199,0.238396624,1.028734563,1.059196606,-0.04787516,0.629592762,MURRAY-mid,NA,NA,NA,NA,NA,,-35.052036,143.330906
GOP202,0.219503546,0.94184496,0.970438818,0.002938749,0.653501824,MURRAY-mid,NA,NA,NA,NA,NA,,-35.940953,144.464355
GOP210,0.226652299,0.97072593,1.000165711,-0.008917461,0.644884574,MURRAY-mid,NA,NA,NA,NA,NA,,-35.940953,144.464355
GOP211,0.233368908,1.006104442,1.03663999,-0.034055252,0.638899039,MURRAY-mid,NA,NA,NA,NA,NA,,-35.940953,144.464355
GOP212,0.2425797,1.038588896,1.06883072,-0.057864083,0.622958213,MURRAY-mid,NA,NA,NA,NA,NA,,-35.940953,144.464355
GOP229,0.228299224,0.980018089,1.009312267,-0.015370978,0.639130332,MURRAY-mid,NA,NA,NA,NA,NA,,-35.634304,144.131437
GOP230,0.224039829,0.963794944,0.991778426,0.015564899,0.655552008,MURRAY-mid,NA,NA,NA,NA,NA,,-35.634304,144.131437
GOP236,0.223847842,0.966508191,0.994013618,-0.006125118,0.64826042,EDWARD-WAKOOL,NA,NA,NA,NA,NA,,-35.49704,144.44937
GOP237,0.223233795,0.957331135,0.985211978,0.017228538,0.66978109,EDWARD-WAKOOL,NA,NA,NA,NA,NA,,-35.49704,144.44937
GOP238,0.231586662,0.992287736,1.022613977,-0.029251947,0.6405842,EDWARD-WAKOOL,NA,NA,NA,NA,NA,,-35.49704,144.44937
GOP247,0.223886185,0.956954564,0.985039597,0.00559215,0.65646467,EDWARD-WAKOOL,NA,NA,NA,NA,NA,,-35.511165,144.210304
GOP251,0.232418202,0.990730288,1.019619018,-0.029917009,0.633150238,EDWARD-WAKOOL,NA,NA,NA,NA,NA,,-35.495622,144.197314
GOP261,0.219583486,0.94582507,0.973209881,0.010741141,0.660559284,EDWARD-WAKOOL,NA,NA,NA,NA,NA,,-35.49704,144.44937
GOP262,0.226351351,0.972793047,1.000976023,-0.0144914,0.648444876,EDWARD-WAKOOL,NA,NA,NA,NA,NA,,-35.49704,144.44937
GOP267,0.205464869,0.885194452,0.91116403,0.074328604,0.685187,EDWARD-WAKOOL,NA,NA,NA,NA,NA,,-35.49704,144.44937
GOP268,0.219086521,0.943222622,0.970399481,0.019674064,0.662381866,EDWARD-WAKOOL,NA,NA,NA,NA,NA,,-35.49704,144.44937
GOP277,0.235711617,1.008720812,1.03943776,-0.036470969,0.635739018,EDWARD-WAKOOL,NA,NA,NA,NA,NA,,-35.49704,144.44937
GOP278,0.228448276,0.981007973,1.009709166,-0.002888968,0.645198704,EDWARD-WAKOOL,NA,NA,NA,NA,NA,,-35.49704,144.44937
GOP291,0.226554268,0.976673222,1.005735187,-0.020075645,0.643279844,LODDON_PYRAMID,NA,NA,NA,NA,NA,,-35.88594,144.17836
GOP293,0.228739003,0.981261761,1.010768319,-0.017850999,0.642662884,LODDON_PYRAMID,NA,NA,NA,NA,NA,,-35.92336,144.24011
GOP296,0.233286418,1.005936489,1.036347781,-0.029312854,0.632034757,LODDON_PYRAMID,NA,NA,NA,NA,NA,,-35.86328,144.10373
GOP298,0.21591348,0.921338934,0.948921896,0.050116562,0.673275949,LODDON_PYRAMID,NA,NA,NA,NA,NA,,-35.77825,144.07129
GOP301,0.223693629,0.96853574,0.995971098,0.001893534,0.659630077,LODDON_PYRAMID,NA,NA,NA,NA,NA,,-35.989773,143.841551
GOP302,0.23197378,0.996211531,1.024046358,-0.017565419,0.647053722,LODDON_PYRAMID,NA,NA,NA,NA,NA,,-35.73535,143.909402
GOP303,0.237214363,1.021040367,1.049871862,-0.0230038,0.639191708,LODDON_PYRAMID,NA,NA,NA,NA,NA,,-36.217219,143.896603
GOP306,0.233980227,1.002356279,1.032428485,-0.025800015,0.638888933,MURRAY-dsYarrawonga,NA,NA,NA,NA,NA,,-35.968412,145.847508
GOP307,0.216841344,0.93169331,0.96055285,0.019377764,0.661474677,MURRAY-dsYarrawonga,NA,NA,NA,NA,NA,,-35.966988,145.849793
GOP312,0.228873239,0.987505212,1.016735142,-0.017181474,0.645052241,MURRAY-dsYarrawonga,NA,NA,NA,NA,NA,,-35.9801,145.8371
GOP316,0.210003547,0.901097795,0.927878248,0.06344794,0.679188362,MURRAY-dsYarrawonga,NA,NA,NA,NA,NA,,-35.9756,145.8304
GOP320,0.224005837,0.96142785,0.9899798,0.006413759,0.652577221,MURRAY-dsYarrawonga,NA,NA,NA,NA,NA,,-35.9755,145.8267
GOP328,0.223567106,0.95976616,0.98841841,-0.000174173,0.651484467,MURRAY-dsYarrawonga,NA,NA,NA,NA,NA,,-35.981,145.8261
GOP329,0.230359047,0.990664687,1.019822757,-0.032123437,0.644239188,MURRAY-dsYarrawonga,NA,NA,NA,NA,NA,,-35.981,145.8261
GOP334,0.226128921,0.974937954,1.003916924,0.007342415,0.649747548,BROKEN,NA,NA,NA,NA,NA,,-36.42555,145.4308
GOP335,0.233103448,1.006026095,1.036064488,-0.02031986,0.644860265,BROKEN,NA,NA,NA,NA,NA,,-36.42555,145.4308
GOP336,0.238883144,1.029636754,1.060574777,-0.049765595,0.627643268,LODDON_PYRAMID,NA,508,19/4/2018,9,hatchery,YES,-35.86328,144.10373
GOP337,0.230265426,0.993270731,1.023200557,-0.019377669,0.643783996,LODDON_PYRAMID,NA,373,17/4/2018,4,hatchery,YES,-35.74783,143.99156
GOP338,0.232149017,1.001114875,1.031141215,-0.026279618,0.639899699,LODDON_PYRAMID,NA,385,17/4/2018,7,hatchery,YES,-35.74783,143.99156
GOP339,0.226317602,0.976057315,1.005184422,-0.020728366,0.64179589,LODDON_PYRAMID,NA,415,17/4/2018,8,goulburn,NO,-35.74783,143.99156
GOP340,0.234665748,1.011839252,1.042335814,-0.042782443,0.62880681,LODDON_PYRAMID,NA,382,17/4/2018,5,hatchery,YES,-35.74783,143.99156
GOP341,0.22,0.948734497,0.977590051,0.003005016,0.651168494,LODDON_PYRAMID,NA,445,17/4/2018,8,goulburn,NO,-35.74783,143.99156
GOP342,0.236168741,1.021194736,1.050650844,-0.042601244,0.636927033,LODDON_PYRAMID,NA,450,17/4/2018,8,mid murray,NO,-35.74783,143.99156
GOP343,0.235741445,1.015983926,1.046609782,-0.033936476,0.641024407,LODDON_PYRAMID,NA,515,17/4/2018,12,loddon,NO,-35.77825,144.07129
GOP344,0.237206086,1.02300482,1.053843558,-0.037463718,0.63241365,LODDON_PYRAMID,NA,312,18/4/2018,2,hatchery,YES,-35.4933,143.81903
GOP345,0.233483224,1.00631742,1.036687751,-0.024857825,0.641178586,LODDON_PYRAMID,NA,350,18/4/2018,2,hatchery,YES,-35.4933,143.81903
GOP346,0.206004141,0.887871978,0.91493622,0.072447521,0.678422294,LODDON_PYRAMID,NA,506,18/4/2018,9,hatchery,YES,-35.62794,143.91714
GOP347,0.218037319,0.939820532,0.968267657,0.027467369,0.662988817,LODDON_PYRAMID,NA,NA,NA,NA,NA,,-35.90076863,143.8729482
GOP348,0.220603538,0.951055374,0.979637235,0.006642408,0.653777727,LODDON_PYRAMID,NA,518,16/4/2018,22,mid murray,NO,-35.92336,144.24011
GOP349,0.212508639,0.916995077,0.94385934,0.066051603,0.67615681,LODDON_PYRAMID,NA,464,16/4/2018,9,broken,NO,-35.88594,144.17836
GOP350,0.211838006,0.914177919,0.941002757,0.057671443,0.673565199,BROKEN,NA,NA,NA,NA,NA,,-36.46523791,145.9183549
GOP351,0.237106265,1.021867282,1.052735483,-0.048945153,0.633852796,BROKEN,NA,NA,NA,NA,NA,,-36.46523791,145.9183549
GOP352,0.213940649,0.922226341,0.949974133,0.049292309,0.664618056,BROKEN,NA,NA,NA,NA,NA,,-36.46523791,145.9183549
GOP353,0.215517241,0.929842792,0.957630506,0.027639133,0.660295065,BROKEN,NA,NA,NA,NA,NA,,-36.46523791,145.9183549
GOP354,0.224221453,0.969627585,0.997750273,-0.010127327,0.651442273,BROKEN,NA,NA,NA,NA,NA,,-36.46523791,145.9183549
GOP355,0.223793103,0.965065953,0.99418665,-0.013803652,0.648008021,BROKEN,NA,NA,NA,NA,NA,,-36.07403661,145.2745219
GOP356,0.238738739,1.031635336,1.062781038,-0.064794095,0.628845467,BROKEN,NA,NA,NA,NA,NA,,-36.07403661,145.2745219
GOP357,0.230954843,0.996454535,1.026542612,-0.033844861,0.637356732,BROKEN,NA,NA,NA,NA,NA,,-36.43259,145.67882
GOP358,0.23340249,1.00600213,1.036487997,-0.040050183,0.641327423,BROKEN,NA,NA,NA,NA,NA,,-36.43259,145.67882
GOP359,0.235679779,1.016064731,1.046490006,-0.043793467,0.63781579,BROKEN,NA,NA,NA,NA,NA,,-36.43259,145.67882
GOP360,0.231114177,0.997577823,1.027559526,-0.028275485,0.647639995,BROKEN,NA,NA,NA,NA,NA,,-36.43259,145.67882
GOP361,0.22,0.948111748,0.9765377,0.013466913,0.65535853,BROKEN,NA,NA,NA,NA,NA,,-36.43259,145.67882
GOP362,0.226818339,0.977986936,1.0072491,-0.016980297,0.646282317,BROKEN,NA,NA,NA,NA,NA,,-36.43077333,145.6972375
GOP363,0.242036011,1.043518376,1.074949824,-0.060770643,0.633478605,CAMPASPE,NA,460,10/5/2018,NA,hatchery,YES,-36.699744,144.5256643
GOP364,0.229536747,0.992432491,1.021247638,-0.01893046,0.644717104,CAMPASPE,NA,405,10/5/2018,5,hatchery,YES,-36.699744,144.5256643
GOP365,0.226985242,0.977022349,1.006828433,-0.011671791,0.650135314,CAMPASPE,NA,458,10/5/2018,6,hatchery,YES,-36.699744,144.5256643
GOP366,0.231863936,1.000194762,1.03088789,-0.038277825,0.63653892,CAMPASPE,NA,312,10/5/2018,2,hatchery,YES,-36.38043928,144.7088038
GOP367,0.225437928,0.958190095,0.987305359,0.015786043,0.657896128,CAMPASPE,NA,128,10/5/2018,1,hatchery,YES,-36.41090657,144.6690037
GOP368,0.218670541,0.939474267,0.9674699,0.022945266,0.665915623,CAMPASPE,NA,148,10/5/2018,1,hatchery,YES,-36.41090657,144.6690037
GOP369,0.214134276,0.921956612,0.950063968,0.053019537,0.667190607,CAMPASPE,NA,282,8/5/2018,2,hatchery,YES,-36.41090657,144.6690037
GOP373,0.23633218,1.020132137,1.050831026,-0.052147564,0.626352295,CAMPASPE,NA,NA,NA,NA,NA,,-36.34962505,144.7046936
GOP374,0.222961148,0.95924276,0.988553282,0.0099998,0.654436292,CAMPASPE,NA,220,10/5/2018,2,hatchery,YES,-36.34962505,144.7046936
GOP375,0.230902178,0.996596608,1.026340272,-0.033489987,0.641419901,CAMPASPE,NA,442,7/5/2018,6,hatchery,YES,-36.27481562,144.7028681
GOP376,0.224422442,0.961790537,0.990007991,0.012037902,0.656620441,CAMPASPE,NA,468,9/5/2018,5,hatchery,YES,-36.29801,144.70468
GOP377,0.231082918,0.983884909,1.015159467,-0.014340776,0.642576714,CAMPASPE,NA,471,9/5/2018,6,hatchery,YES,-36.49706638,144.6119579
GOP378,0.228101378,0.972668618,1.002599481,-0.007313444,0.649324418,CAMPASPE,NA,428,9/5/2018,5,hatchery,YES,-36.56285,144.58766
GOP379,0.227398206,0.979926174,1.009262091,-0.004449168,0.655155821,CAMPASPE,NA,440,9/5/2018,5,hatchery,YES,-36.56285,144.58766
GOP380,0.218922652,0.945062275,0.973009809,0.020473611,0.662484,CAMPASPE,NA,420,9/5/2018,4,hatchery,YES,-36.56285,144.58766
GOP381,0.216477077,0.933014392,0.961014037,0.02675755,0.659990009,CAMPASPE,NA,390,9/5/2018,3,hatchery,YES,-36.56285,144.58766
GOP382,0.218922652,0.943837043,0.972361945,0.023147525,0.656332174,CAMPASPE,NA,384,8/5/2018,2,hatchery,YES,-36.14625817,144.7373858
GOP383,0.227256511,0.972873016,1.001871234,-0.008697234,0.653940153,CAMPASPE,NA,212,10/5/2018,1,hatchery,YES,-36.14625817,144.7373858
GOP384,0.220338983,0.951352026,0.979985947,0.012399924,0.655763241,CAMPASPE,NA,432,10/5/2018,4,hatchery,YES,-36.62228169,144.5614071
GOP385,0.232501733,1.003477193,1.033993272,-0.03231506,0.642402581,CAMPASPE,NA,420,10/5/2018,4,hatchery,YES,-36.62228169,144.5614071
GOP386,0.23285764,1.00250277,1.033006053,-0.017157719,0.643567021,CAMPASPE,NA,52,10/5/2018,NA,hatchery,YES,-36.62577,144.55965
GOP387,0.226239669,0.975595889,1.004732151,-0.02334559,0.642255359,LODDON_PYRAMID,NA,NA,NA,NA,NA,,-35.73836281,143.9146652
GOP388,0.234139502,1.006724714,1.037302967,-0.023128009,0.635794871,LODDON_PYRAMID,NA,172,18/4/2018,NA,hatchery,YES,-35.73836281,143.9146652
GOP389,0.21500521,0.926602706,0.955141774,0.040111731,0.678148132,LODDON_PYRAMID,NA,203,18/4/2018,1,hatchery,YES,-35.73836281,143.9146652
GOP390,0.35628105,1.551370909,1.598023999,-0.464732834,0.444342045,MURRUMBIDGEE,M,411,3/4/2018,7,lachlan,NO,-34.61709,146.23889
GOP391,0.231219848,0.996814852,1.026646075,-0.019454135,0.641415804,MURRUMBIDGEE,NA,249,3/4/2018,3,lachlan,NO,-34.61709,146.23889
GOP392,0.225561313,0.975163348,1.004383106,-0.008879872,0.647770964,MURRUMBIDGEE,NA,249,3/4/2018,2,lachlan,NO,-34.61709,146.23889
GOP393,0.243120864,1.054710142,1.086106803,-0.080009244,0.619919317,MURRUMBIDGEE,F,387,3/4/2018,9,murrumbidgee,NO,-34.61709,146.23889
GOP394,0.192548747,0.833552652,0.858458172,0.141551436,0.699994026,MURRUMBIDGEE,F,453,3/4/2018,14,murrumbidgee,NO,-34.61709,146.23889
GOP395,0.245736164,1.062939125,1.095198346,-0.087324589,0.62527267,MURRUMBIDGEE,M,388,3/4/2018,8,NA,,-34.61709,146.23889
GOP396,0.261324042,1.134325237,1.168264896,-0.160970417,0.590040281,MURRUMBIDGEE,F,411,3/4/2018,6,lachlan,NO,-34.61709,146.23889
GOP397,0.24301676,1.053964808,1.085245161,-0.08934021,0.616635573,MURRUMBIDGEE,M,401,3/4/2018,8,mid murray,NO,-34.61709,146.23889
GOP398,0.222145329,0.960528428,0.98950189,0.004385721,0.652335523,MURRUMBIDGEE,F,317,3/4/2018,3,murrumbidgee,NO,-34.61709,146.23889
GOP399,0.2271777,0.982475195,1.012189229,-0.032413906,0.645165518,MURRUMBIDGEE,F,482,3/4/2018,14,murrumbidgee,NO,-34.61709,146.23889
GOP400,0.24956309,1.083246559,1.115802724,-0.098203947,0.614661553,MURRUMBIDGEE,F,351,3/4/2018,3,hatchery,YES,-34.61709,146.23889
GOP401,0.248138958,1.076694809,1.107888025,-0.107182137,0.614661266,MURRUMBIDGEE,F,500,3/4/2018,16,hatchery,YES,-34.61709,146.23889
GOP402,0.239367311,1.0415659,1.073178644,-0.084514798,0.624988344,MURRUMBIDGEE,M,422,3/4/2018,14,hatchery,YES,-34.61709,146.23889
GOP403,0.304934327,1.325261322,1.365914506,-0.343888889,0.508217222,MURRUMBIDGEE,M,388,3/4/2018,6,lachlan,NO,-34.61709,146.23889
GOP405,0.242802636,1.047902411,1.079283251,-0.072414035,0.624079072,MURRUMBIDGEE,F,349,3/4/2018,3,murrumbidgee,NO,-34.61709,146.23889
GOP406,0.223885794,0.968520348,0.997577763,-0.010869757,0.649600754,MURRUMBIDGEE,M,386,3/4/2018,10,hatchery,YES,-34.61709,146.23889
GOP407,0.225425495,0.975524701,1.004102761,-0.018736965,0.64323165,MURRUMBIDGEE,F,295,3/4/2018,4,hatchery,YES,-34.61709,146.23889
GOP408,0.230689655,0.994712711,1.024897666,-0.036785638,0.63213278,MURRUMBIDGEE,F,432,4/4/2018,7,hatchery,YES,-34.545984,145.80323
GOP409,0.234987851,1.016687036,1.047547159,-0.050735121,0.63891717,MURRUMBIDGEE,M,411,4/4/2018,7,murrumbidgee,NO,-34.545984,145.80323
GOP410,0.234975147,1.003758719,1.03415572,-0.043356418,0.637539308,MURRUMBIDGEE,M,413,4/4/2018,6,hatchery,YES,-34.545984,145.80323
GOP411,0.243205575,1.05577408,1.087532766,-0.086130903,0.617815313,MURRUMBIDGEE,M,NA,NA,9,NA,,-34.545984,145.80323
GOP412,0.244677138,1.065865997,1.097712258,-0.111048772,0.613061534,MURRUMBIDGEE,M,412,4/4/2018,7,murrumbidgee,NO,-34.545984,145.80323
GOP413,0.229922992,0.992784947,1.022184054,-0.015033946,0.646007223,MURRUMBIDGEE,M,354,4/4/2018,6,hatchery,YES,-34.55772,145.82076
GOP414,0.25,1.085679825,1.11868843,-0.141012427,0.599197782,MURRUMBIDGEE,F,383,4/4/2018,5,murrumbidgee,NO,-34.55772,145.82076
GOP415,0.23672336,1.022555806,1.053205634,-0.064096694,0.627473379,MURRUMBIDGEE,M,376,4/4/2018,6,hatchery,YES,-34.55772,145.82076
GOP416,0.231969487,1.004497332,1.034989437,-0.02974544,0.648057743,MURRUMBIDGEE,M,393,4/4/2018,8,hatchery,YES,-34.55772,145.82076
GOP417,0.321212121,1.398865592,1.441020784,-0.3910133,0.480946485,MURRUMBIDGEE,F,455,4/4/2018,20,lower darling,NO,-34.55772,145.82076
GOP418,0.235622168,1.021885477,1.052623474,-0.075292375,0.620676008,MURRUMBIDGEE,M,347,4/4/2018,5,hatchery,YES,-34.55772,145.82076
GOP419,0.24651325,1.068258431,1.100940093,-0.099886071,0.609426421,MURRUMBIDGEE,M,372,4/4/2018,7,hatchery,YES,-34.55772,145.82076
GOP420,0.229940952,0.996912595,1.026532647,-0.036682359,0.63880804,MURRUMBIDGEE,F,428,4/4/2018,8,mid murray,NO,-34.55772,145.82076
GOP421,0.227256884,0.988827552,1.017907857,-0.028481749,0.64205756,MURRUMBIDGEE,F,439,4/4/2018,7,hatchery,YES,-34.55772,145.82076
GOP422,0.19880994,0.859638997,0.885400754,0.120501735,0.690512276,MURRUMBIDGEE,M,438,4/4/2018,14,murrumbidgee,NO,-34.55772,145.82076
GOP423,0.226800554,0.981551729,1.011278236,-0.02873605,0.639312351,MURRUMBIDGEE,M,424,4/4/2018,8,hatchery,YES,-34.55772,145.82076
GOP424,0.411350018,1.790000737,1.842824545,-0.6081655,0.36227597,MURRUMBIDGEE,M,353,4/4/2018,6,hatchery,YES,-34.55772,145.82076
GOP425,0.224617524,0.973765128,1.003039175,-0.017989934,0.648606284,MURRUMBIDGEE,M,383,5/4/2018,5,murrumbidgee,NO,-34.5574,145.95503
GOP426,0.232142857,1.0056768,1.035699067,-0.028702125,0.645925555,MURRUMBIDGEE,M,382,5/4/2018,6,hatchery,YES,-34.5574,145.95503
GOP427,0.228197173,0.985317544,1.014770432,-0.020432766,0.645321357,MURRUMBIDGEE,F,432,5/4/2018,7,hatchery,YES,-34.5574,145.95503
GOP428,0.218073971,0.940980975,0.968414734,0.024781255,0.663013573,MURRUMBIDGEE,F,496,5/4/2018,19,hatchery,YES,-34.5574,145.95503
GOP429,0.221147201,0.955407084,0.984134591,0.017790034,0.656273954,MURRUMBIDGEE,M,369,5/4/2018,5,hatchery,YES,-34.5574,145.95503
GOP430,0.218081435,0.94051514,0.96858343,0.020908991,0.664738423,MACQUARIE,F,420,7/6/2018,9,border,NO,-31.65562,147.80093
GOP431,0.224060669,0.966570608,0.995488548,-0.007540329,0.653140792,MACQUARIE,NA,163,7/6/2018,1,border,NO,-31.65562,147.80093
GOP432,0.224595246,0.968358713,0.99753982,-0.008975683,0.651516317,MACQUARIE,NA,326,7/6/2018,3,hatchery,YES,-31.65562,147.80093
GOP433,0.233631978,1.007580168,1.037800329,-0.037099622,0.637615083,MACQUARIE,M,377,7/6/2018,5,hatchery,YES,-31.65562,147.80093
GOP434,0.241296105,1.042074626,1.072724646,-0.075631749,0.622111453,MACQUARIE,F,453,7/6/2018,8,hatchery,YES,-31.65562,147.80093
GOP435,0.230265426,0.993269223,1.023294602,-0.015003739,0.649165106,MACQUARIE,F,333,6/6/2018,3,hatchery,YES,-31.73379,147.96594
GOP436,0.237258953,1.024088378,1.054083222,-0.046512954,0.637085595,MACQUARIE,F,297,6/6/2018,3,hatchery,YES,-31.73379,147.96594
GOP437,0.231060606,0.996503441,1.026425904,-0.020646071,0.643686281,MACQUARIE,M,377,6/6/2018,6,hatchery,YES,-31.73379,147.96594
GOP438,0.222068966,0.958675174,0.987117207,0.008437852,0.659042201,MACQUARIE,M,413,4/6/2018,4,border,NO,-32.22741,148.2616
GOP439,0.233183857,1.006279384,1.036911011,-0.026796733,0.63880734,MACQUARIE,F,NA,NA,6,NA,,-32.22741,148.2616
GOP440,0.224517906,0.96836071,0.997361182,-0.002365102,0.647616004,MACQUARIE,F,374,4/6/2018,3,hatchery,YES,-32.22741,148.2616
GOP441,0.229734391,0.99118243,1.021181989,-0.024321848,0.640122654,MACQUARIE,F,459,4/6/2018,5,border,NO,-32.22741,148.2616
GOP442,0.228118539,0.983828428,1.013398525,-0.006229027,0.647253642,MACQUARIE,F,394,4/6/2018,3,hatchery,YES,-32.22741,148.2616
GOP443,0.223140496,0.962186074,0.991146121,0.003576291,0.661642744,MACQUARIE,M,424,4/6/2018,5,hatchery,YES,-32.22741,148.2616
GOP444,0.219159201,0.945700162,0.973560364,0.015407433,0.655130411,MACQUARIE,F,473,5/6/2018,8,hatchery,YES,-31.98735,148.17982
GOP445,0.223988939,0.967624804,0.995608629,0.012887928,0.656531096,MACQUARIE,M,441,5/6/2018,12,hatchery,YES,-31.98735,148.17982
GOP446,0.228197173,0.983620169,1.013444398,0.002576875,0.651409854,MACQUARIE,M,344,5/6/2018,2,hatchery,YES,-31.98735,148.17982
GOP447,0.227429359,0.980171349,1.009615375,-0.014454361,0.652820929,MACQUARIE,M,417,5/6/2018,8,border,NO,-31.98735,148.17982
GOP448,0.220385675,0.94998342,0.978406838,0.018706218,0.65875075,MACQUARIE,F,310,5/6/2018,2,hatchery,YES,-31.98735,148.17982
GOP449,0.2311402,0.996842708,1.026712775,-0.022665402,0.645065635,MACQUARIE,F,456,5/6/2018,5,hatchery,YES,-31.98735,148.17982
GOP450,0.210961737,0.909478388,0.937129717,0.066369669,0.670236903,MACQUARIE,F,453,6/6/2018,11,hatchery,YES,-31.93445,148.14009
GOP451,0.218470021,0.941216733,0.969478009,0.011375871,0.653342721,MACQUARIE,M,372,6/6/2018,8,macquarie,NO,-31.93445,148.14009
GOP452,0.237077877,1.022618805,1.053294341,-0.038128535,0.639513176,MACQUARIE,M,438,6/6/2018,10,hatchery,YES,-31.93445,148.14009
GOP453,0.233287388,1.006152773,1.03657905,-0.042868041,0.640036974,MACQUARIE,F,406,6/6/2018,6,hatchery,YES,-31.93445,148.14009
GOP454,0.233207027,1.005349194,1.035411231,-0.049097321,0.629214657,MACQUARIE,F,345,6/6/2018,4,hatchery,YES,-31.93445,148.14009
GOP455,0.227852465,0.982239014,1.012030463,-0.004702943,0.656459163,MACQUARIE,M,404,6/6/2018,5,hatchery,YES,-31.93445,148.14009
GOP456,0.232518085,1.003093328,1.03321132,-0.036889418,0.63688769,MACQUARIE,M,420,6/6/2018,10,hatchery,YES,-31.93445,148.14009
GOP457,0.22294969,0.961257006,0.990141187,-0.01042217,0.644753125,MACQUARIE,F,444,6/6/2018,8,hatchery,YES,-31.93445,148.14009
GOP458,0.227773949,0.982801865,1.012305326,-0.021870343,0.645411566,MACQUARIE,M,405,6/6/2018,7,hatchery,YES,-31.93445,148.14009
GOP459,0.215442951,0.928436513,0.956472385,0.039627212,0.669843203,MACQUARIE,F,453,6/6/2018,7,hatchery,YES,-31.93445,148.14009
GOP460,0.23283891,1.004478498,1.034949766,-0.019956349,0.645424414,MACQUARIE,M,397,6/6/2018,8,macquarie,NO,-31.93445,148.14009
GOP461,0.233712513,1.007683014,1.038222012,-0.034653235,0.637879165,MACQUARIE,F,275,6/6/2018,3,barwon,NO,-31.93445,148.14009
GOP462,0.226818339,0.978837357,1.007812251,-0.001548308,0.657883841,MACQUARIE,F,318,6/6/2018,3,hatchery,YES,-31.93445,148.14009
GOP463,0.219159201,0.945049979,0.973123266,0.013536668,0.660956981,MACQUARIE,F,447,6/6/2018,13,hatchery,YES,-31.93445,148.14009
GOP464,0.169772257,0.731797689,0.753934723,0.242757752,0.733944883,MACQUARIE,M,407,6/6/2018,8,hatchery,YES,-31.93445,148.14009
GOP465,0.207801174,0.89631544,0.923952829,0.057386568,0.67058078,MACQUARIE,M,406,6/6/2018,13,hatchery,YES,-31.93445,148.14009
GOP466,0.219772649,0.947725273,0.976169132,0.023766179,0.659031516,MACQUARIE,F,352,6/6/2018,5,hatchery,YES,-31.93445,148.14009
GOP467,0.220573007,0.952558067,0.979837947,0.03473883,0.657241024,MACQUARIE,F,319,6/6/2018,3,macquarie,NO,-31.93445,148.14009
GOP468,0.218394764,0.942468831,0.970431118,0.02912742,0.65538504,MACQUARIE,F,377,6/6/2018,8,macquarie,NO,-31.93445,148.14009
GOP469,0.214704867,0.925988802,0.953324774,0.039960277,0.664678393,MACQUARIE,F,320,6/6/2018,4,hatchery,YES,-31.93445,148.14009
GOP470,0.218696102,0.942021598,0.970616374,0.010304741,0.652143485,MURRAY-mid,M,408,16/5/2018,6,lower darling,NO,-35.90646,144.41703
GOP471,0.236814891,1.021592969,1.052588305,-0.043913311,0.633551628,MURRAY-mid,F,415,16/5/2018,8,mid murray,NO,-35.90646,144.41703
GOP472,0.225973131,0.974014048,1.003269434,-0.002307398,0.651025222,MURRAY-mid,F,471,16/5/2018,12,loddon,NO,-35.90646,144.41703
GOP473,0.226943005,0.980956719,1.00913987,-0.023474521,0.640486744,MURRAY-mid,M,460,16/5/2018,8,goulburn,NO,-35.90646,144.41703
GOP474,0.222490514,0.95846855,0.98743142,0.011545591,0.65529394,MURRAY-mid,F,460,16/5/2018,8,mid murray,NO,-35.90646,144.41703
GOP475,0.22490514,0.96894076,0.998034374,-0.007353488,0.651616017,MURRAY-mid,NA,295,16/5/2018,4,goulburn,NO,-35.90646,144.41703
GOP476,0.219292158,0.946364084,0.973836232,0.009640404,0.646342601,MURRAY-mid,F,NA,NA,NA,NA,,-35.90646,144.41703
GOP477,0.22371596,0.964315307,0.992958532,0.004925021,0.659230135,MURRAY-mid,F,452,16/5/2018,8,mid murray,NO,-35.90646,144.41703
GOP478,0.208821502,0.900498699,0.927446631,0.048169097,0.674594969,MURRAY-mid,F,461,16/5/2018,9,hatchery,YES,-35.90646,144.41703
GOP479,0.222068966,0.958267233,0.987505104,-0.004181818,0.651671798,MURRAY-mid,F,505,16/5/2018,13,mid murray,NO,-35.90646,144.41703
GOP480,0.224250775,0.966984073,0.995902231,0.001386664,0.651872912,MURRAY-mid,F,476,16/5/2018,12,murrumbidgee,NO,-35.90646,144.41703
GOP481,0.232999655,1.004817683,1.034539607,-0.029911546,0.637209831,MURRAY-mid,F,481,16/5/2018,18,mid murray,NO,-35.90646,144.41703
GOP482,0.21865285,0.943316988,0.971630498,0.028620977,0.655515207,MURRAY-mid,F,472,16/5/2018,19,mid murray,NO,-35.90646,144.41703
GOP483,0.232942798,1.004157013,1.034255257,-0.020044581,0.643711051,MURRAY-mid,F,494,16/5/2018,10,lower darling,NO,-35.90646,144.41703
GOP484,0.22084196,0.952094318,0.980756569,0.023887518,0.667702768,MURRAY-mid,F,498,16/5/2018,20,hatchery,YES,-35.90646,144.41703
GOP485,0.210362694,0.909230682,0.935164428,0.060269045,0.671095366,MURRAY-mid,M,460,15/5/2018,17,mid murray,NO,-34.70238,143.1219
GOP486,0.221608561,0.95520644,0.983928365,0.004628936,0.650885432,MURRAY-mid,M,400,15/5/2018,7,hatchery,YES,-34.70238,143.1219
GOP487,0.215246637,0.928093165,0.956002251,0.018295575,0.661148394,MURRAY-mid,F,438,15/5/2018,8,lower darling,NO,-34.70238,143.1219
GOP488,0.217241379,0.936116561,0.964208548,0.030250386,0.666230665,MURRAY-mid,F,457,15/5/2018,8,mid murray,NO,-34.70238,143.1219
GOP489,0.232358003,1.001923644,1.031881978,-0.029049365,0.645371248,MURRAY-mid,M,390,15/5/2018,8,lower murray,NO,-34.70238,143.1219
GOP490,0.219428178,0.946659146,0.974885492,0.018591471,0.658526069,MURRAY-mid,F,356,15/5/2018,5,mid murray,NO,-34.70238,143.1219
GOP491,0.213842975,0.922470362,0.949999772,0.035036014,0.666021259,MURRAY-mid,F,366,15/5/2018,4,NA,,-34.70238,143.1219
GOP492,0.228009659,0.982740435,1.012424391,-0.023406853,0.64052637,MURRAY-mid,F,453,15/5/2018,8,lower darling,NO,-34.70238,143.1219
GOP493,0.229202623,0.98945038,1.018881606,-0.022880666,0.644038013,MURRAY-mid,F,447,15/5/2018,8,lower darling,NO,-34.70238,143.1219
GOP494,0.221034483,0.952985383,0.981588902,0.01068633,0.648964839,MURRAY-mid,M,445,15/5/2018,12,mid murray,NO,-34.70238,143.1219
GOP495,0.230344828,0.992785729,1.022385625,-0.020900694,0.641575258,MURRAY-mid,M,433,15/5/2018,8,lower darling,NO,-34.70238,143.1219
GOP496,0.221569305,0.956113056,0.98527966,0.014789647,0.651416291,MURRAY-mid,F,419,15/5/2018,6,lower darling,NO,-34.70238,143.1219
GOP497,0.220034542,0.949464078,0.977805749,0.010595703,0.657539442,MURRAY-mid,F,353,15/5/2018,4,lower darling,NO,-34.70238,143.1219
GOP498,0.231484671,0.998676519,1.028487377,-0.018783989,0.639940962,MURRAY-mid,F,375,15/5/2018,7,lower darling,NO,-34.70238,143.1219
GOP499,0.231724138,0.998977075,1.029135153,-0.028448428,0.635770327,MURRAY-mid,F,425,15/5/2018,8,lower darling,NO,-34.70238,143.1219
GOP500,0.22,0.948085649,0.976690751,0.020952783,0.661733325,MURRAY-mid,F,406,15/5/2018,7,hatchery,YES,-34.70238,143.1219
GOP501,0.219310345,0.945461775,0.973821114,0.004659694,0.655813107,MURRAY-mid,F,363,15/5/2018,4,lower darling,NO,-34.70238,143.1219
GOP502,0.217271157,0.939597405,0.966668173,0.036496308,0.664437048,MURRAY-mid,F,425,15/5/2018,8,lower darling,NO,-34.70238,143.1219
GOP503,0.227131515,0.978273532,1.007731809,-0.016526769,0.643629985,MURRAY-mid,F,390,15/5/2018,6,lower darling,NO,-34.70238,143.1219
GOP504,0.221992416,0.957925959,0.986675902,0.005758365,0.654774567,MURRAY-mid,F,456,15/5/2018,7,hatchery,YES,-34.70238,143.1219
GOP505,0.223643277,0.963816798,0.993237918,0.017692045,0.658795021,MURRAY-mid,F,522,14/5/2018,9,murrumbidgee,NO,-35.17179,143.38624
GOP506,0.233367804,1.00620503,1.036954956,-0.050860773,0.636355718,MURRAY-mid,F,420,14/5/2018,6,murrumbidgee,NO,-35.17179,143.38624
GOP507,0.223558543,0.962078616,0.990895975,0.000681128,0.661751136,MURRAY-mid,F,375,14/5/2018,7,lower darling,NO,-35.17179,143.38624
GOP509,0.218307427,0.940996326,0.9694647,0.024419993,0.659592322,MURRAY-mid,F,300,14/5/2018,2,hatchery,YES,-35.17179,143.38624
GOP510,0.228778468,0.987456233,1.016933982,-0.018533226,0.644771269,MURRAY-mid,NA,305,14/5/2018,2,hatchery,YES,-35.17179,143.38624
GOP511,0.238883144,1.029965334,1.060757206,-0.050440974,0.627402279,MURRAY-mid,F,295,14/5/2018,2,hatchery,YES,-35.17179,143.38624
GOP512,0.219310345,0.946574684,0.974971831,0.012299974,0.659790052,MURRAY-mid,F,358,14/5/2018,8,lower darling,NO,-35.17179,143.38624
GOP513,0.233793103,1.007210892,1.037340739,-0.021266264,0.639980097,MURRAY-mid,M,353,14/5/2018,3,mid murray,NO,-35.17179,143.38624
GOP514,0.223525354,0.964225947,0.992810897,0.017855671,0.659209397,MURRAY-mid,F,445,14/5/2018,7,murrumbidgee,NO,-35.17179,143.38624
GOP515,0.230503796,0.994501241,1.024476508,-0.017906873,0.644005255,MURRAY-mid,F,335,14/5/2018,5,campaspe,NO,-35.17179,143.38624
GOP516,0.22363887,0.965836773,0.99412669,-0.00221762,0.654632402,MURRAY-mid,F,405,14/5/2018,7,lower darling,NO,-35.17179,143.38624
GOP517,0.229841489,0.9911265,1.020936926,-0.015754879,0.644012597,MURRAY-mid,M,420,14/5/2018,8,mid murray,NO,-35.17179,143.38624
GOP518,0.236288375,1.019854972,1.049879512,-0.052195117,0.631146623,MURRAY-mid,F,385,14/5/2018,5,mid murray,NO,-35.17179,143.38624
GOP519,0.216057891,0.931112423,0.95904583,0.022264758,0.65876534,MURRAY-mid,F,485,14/5/2018,18,mid murray,NO,-35.17179,143.38624
GOP520,0.227319765,0.980209557,1.009770837,-0.018828321,0.641058756,MURRAY-dsYarrawonga,NA,497,16/6/2018,12,hatchery,YES,-36.006414,145.972408
GOP521,0.235172414,1.014311422,1.044717086,-0.042452625,0.634372636,MURRAY-dsYarrawonga,NA,452,16/6/2018,7,hatchery,YES,-36.006414,145.972408
GOP522,0.233793103,1.008229874,1.038579248,-0.031706983,0.645750166,MURRAY-dsYarrawonga,NA,NA,2018,12,upper murray,native,-36.006414,145.972408
GOP523,0.227948807,0.985650596,1.01528367,-0.008364575,0.64735722,MURRAY-dsYarrawonga,NA,412,16/6/2018,11,goulburn,NO,-36.006414,145.972408
GOP524,0.231749311,0.999550242,1.029484778,-0.034419455,0.643146374,MURRAY-dsYarrawonga,NA,395,16/6/2018,7,upper murray,NO,-36.006414,145.972408
GOP525,0.25,1.083678785,1.116440269,-0.116933159,0.608146301,MURRAY-dsYarrawonga,NA,447,16/6/2018,9,mid murray,NO,-36.006414,145.972408
GOP526,0.220227822,0.950532383,0.979014304,0.011982594,0.651054855,MURRAY-dsYarrawonga,NA,435,16/6/2018,5,hatchery,YES,-36.006414,145.972408
GOP527,0.2226051,0.96021417,0.989053903,0.001921274,0.660326078,MURRAY-dsYarrawonga,NA,460,16/6/2018,15,upper murray,NO,-36.006414,145.972408
GOP528,0.228197173,0.984407024,1.013843148,0.0013271,0.650701651,MURRAY-dsYarrawonga,NA,409,16/6/2018,11,loddon,NO,-36.006414,145.972408
GOP529,0.231327801,0.998552887,1.028049241,-0.0460385,0.628876345,MURRAY-dsYarrawonga,NA,415,16/6/2018,8,hatchery,YES,-36.006414,145.972408
GOP530,0.209166092,0.902163805,0.929204067,0.057713518,0.670253707,MURRAY-dsYarrawonga,NA,397,16/6/2018,5,hatchery,YES,-36.006414,145.972408
GOP531,0.216132368,0.932186584,0.960107564,0.020296035,0.664957059,MURRAY-dsYarrawonga,NA,460,16/6/2018,8,edward-wakool,NO,-36.006414,145.972408
GOP532,0.226551724,0.97652383,1.00579704,-0.015571301,0.652310512,MURRAY-dsYarrawonga,NA,433,16/6/2018,16,hatchery,YES,-36.006414,145.972408
GOP533,0.224060669,0.967977186,0.995831189,-0.002632498,0.650291571,MURRAY-dsYarrawonga,NA,482,16/6/2018,12,hatchery,YES,-36.006414,145.972408
GOP534,0.233712513,1.008161912,1.038336038,-0.033593756,0.635356029,MURRAY-dsYarrawonga,NA,385,16/6/2018,9,hatchery,YES,-36.006414,145.972408
GOP535,0.230556516,0.995070976,1.025053962,-0.029453112,0.636847572,MURRAY-dsYarrawonga,NA,430,16/6/2018,12,hatchery,YES,-36.006414,145.972408
GOP536,0.230530669,0.993796619,1.023707128,-0.040382814,0.636672459,MURRAY-dsYarrawonga,NA,427,16/6/2018,8,hatchery,YES,-36.006414,145.972408
GOP537,0.224560193,0.968782632,0.997896045,-0.002748081,0.652358111,MURRAY-dsYarrawonga,NA,424,16/6/2018,8,mid murray,NO,-36.006414,145.972408
GOP538,0.222222222,0.958289425,0.987628893,0.0083404,0.66547252,MURRAY-dsYarrawonga,NA,281,16/6/2018,3,broken,NO,-36.006414,145.972408
GOP539,0.223149114,0.967958564,0.99612963,-0.020476613,0.64179422,MURRAY-dsYarrawonga,NA,420,16/6/2018,10,hatchery,YES,-36.006414,145.972408
GOP540,0.220613582,0.951692165,0.980265224,0.011202228,0.660364764,LOWER_DARLING,NA,363,1/5/2018,8,lower darling,NO,-32.57198,142.39546
GOP541,0.223561833,0.9635682,0.992484844,0.001355422,0.651287108,LOWER_DARLING,NA,NA,NA,NA,NA,,-32.57198,142.39546
GOP542,0.240179187,1.036285487,1.067028944,-0.042820486,0.626937161,LOWER_DARLING,NA,NA,NA,NA,NA,,-32.57198,142.39546
GOP543,0.228857439,0.987714319,1.01773185,-0.006627166,0.645479364,LOWER_DARLING,NA,NA,NA,2,NA,,-32.57198,142.39546
GOP544,0.228136882,0.982608682,1.01210034,-0.021130347,0.643609309,LOWER_DARLING,NA,NA,NA,1,NA,,-32.57198,142.39546
GOP545,0.233207027,1.005239296,1.035389561,-0.040871258,0.635735586,LOWER_DARLING,NA,328,1/5/2018,6,lower darling,NO,-32.57198,142.39546
GOP546,0.219041049,0.943550825,0.971997633,0.013560058,0.661197195,LOWER_DARLING,NA,451,1/5/2018,8,lower murray,NO,-32.90602,142.37234
GOP547,0.225129088,0.970752687,0.999778983,-0.001945369,0.647002972,LOWER_DARLING,NA,390,1/5/2018,10,mid murray,NO,-32.90602,142.37234
GOP548,0.227194492,0.979658675,1.008951268,0.005699106,0.653388642,LOWER_DARLING,NA,415,1/5/2018,8,lower darling,NO,-32.90602,142.37234
GOP549,0.231829142,0.999591558,1.029533666,-0.028698179,0.63417877,LOWER_DARLING,NA,351,1/5/2018,7,lower darling,NO,-32.90602,142.37234
GOP550,0.211995863,0.913968845,0.941580155,0.056085596,0.67640742,LOWER_DARLING,NA,NA,NA,NA,NA,,-32.90602,142.37234
GOP551,0.229073372,0.98787453,1.017450009,-0.004238606,0.643066936,LOWER_DARLING,NA,NA,NA,NA,NA,,-32.90602,142.37234
GOP552,0.234746639,1.011867903,1.042176577,-0.027067625,0.636669593,LOWER_DARLING,NA,NA,NA,NA,NA,,-33.5923,142.44168
GOP553,0.2311402,0.996255302,1.026108534,-0.017463745,0.644994897,LOWER_DARLING,NA,NA,NA,5,NA,,-33.5923,142.44168
GOP554,0.230186079,0.992740653,1.022751491,-0.031645784,0.637450643,LOWER_DARLING,NA,NA,NA,NA,NA,,-33.5923,142.44168
GOP555,0.224939718,0.96988555,0.999111443,0.002297041,0.654404036,LOWER_DARLING,NA,NA,NA,NA,NA,,-33.5923,142.44168
GOP556,0.223371251,0.963413601,0.992697428,-0.001349903,0.657290481,LOWER_DARLING,NA,NA,NA,NA,NA,,-33.5923,142.44168
GOP557,0.22862069,0.986039429,1.015747979,-0.004202123,0.649487396,LOWER_DARLING,NA,400,2/5/2018,6,lower darling,NO,-33.5923,142.44168
GOP558,0.212194282,0.914958694,0.942382163,0.052788777,0.674348505,LOWER_DARLING,NA,366,2/5/2018,6,lower darling,NO,-33.38473,142.56163
GOP559,0.219159201,0.945404302,0.973445342,0.020648479,0.660769918,LOWER_DARLING,NA,418,2/5/2018,7,lower darling,NO,-33.38473,142.56163
GOP560,0.223407917,0.96333103,0.992135413,-0.007862037,0.655489176,LOWER_DARLING,NA,355,2/5/2018,4,lower darling,NO,-33.38473,142.56163
GOP561,0.216747071,0.934312876,0.962385856,0.032076611,0.661681295,LOWER_DARLING,NA,NA,NA,1,NA,,-33.38473,142.56163
GOP562,0.223371251,0.962904592,0.991570426,0.010205612,0.655546212,LOWER_DARLING,NA,NA,NA,1,NA,,-33.38473,142.56163
GOP563,0.228886591,0.986632772,1.016116011,-0.014734183,0.645381464,LOWER_DARLING,NA,NA,NA,1,NA,,-33.38473,142.56163
GOP564,0.22084196,0.951636263,0.980312793,0.021270795,0.656881091,LOWER_DARLING,NA,421,3/5/2018,8,lower darling,NO,-33.99698,141.91682
GOP565,0.216011042,0.931593325,0.959324104,0.03513249,0.664068395,LOWER_DARLING,NA,330,3/5/2018,6,lower darling,NO,-33.99698,141.91682
GOP566,0.225094795,0.97045616,0.999797752,-0.007491852,0.650586301,LOWER_DARLING,NA,332,3/5/2018,8,lower darling,NO,-33.99698,141.91682
GOP567,0.219655172,0.947622655,0.975844579,0.010330289,0.660116633,LOWER_DARLING,NA,355,3/5/2018,8,NA,,-33.99698,141.91682
GOP568,0.226095961,0.973430739,1.002978309,-0.005701697,0.654952084,LOWER_DARLING,NA,385,3/5/2018,8,lower darling,NO,-33.99698,141.91682
GOP569,0.221187026,0.954200524,0.983144433,-0.003016783,0.657733018,LOWER_DARLING,NA,300,3/5/2018,8,lower darling,NO,-33.99698,141.91682
GOP570,0.227288428,0.980115221,1.010181589,-0.017845631,0.642225999,L_MURRAY,NA,352,7/5/2018,7,lower darling,NO,-34.09616,140.76444
GOP571,0.215517241,0.929235845,0.95729623,0.018838422,0.6576691,L_MURRAY,NA,NA,NA,NA,NA,,-34.09616,140.76444
GOP572,0.230610134,0.994152137,1.024331141,-0.01089476,0.653249995,L_MURRAY,NA,NA,NA,6,NA,,-34.83723,139.57341
GOP573,0.243793103,1.052909021,1.08429937,-0.060812718,0.627185644,L_MURRAY,NA,NA,NA,NA,NA,,-34.09616,140.76444
GOP574,0.225483425,0.973902902,1.002649108,-0.012001453,0.646414286,L_MURRAY,NA,373,7/5/2018,6,lower darling,NO,-34.09616,140.76444
GOP575,0.227131515,0.980233969,1.009705801,-0.012085674,0.639135653,L_MURRAY,NA,NA,NA,8,NA,,-34.09616,140.76444
GOP576,0.223217361,0.962402992,0.991338002,0.011897096,0.657112824,L_MURRAY,NA,328,8/5/2018,4,lower murray,NO,-34.216504,140.756579
GOP577,0.236996211,1.02181145,1.052464469,-0.025463582,0.639603219,L_MURRAY,NA,392,8/5/2018,7,lower darling,NO,-34.83723,139.57341
GOP578,0.226206897,0.974931944,1.004302282,-0.012922056,0.638068903,L_MURRAY,NA,515,8/5/2018,17,lower murray,NO,-34.83723,139.57341
GOP579,0.226395589,0.975744682,1.005017162,-0.021465243,0.64728269,L_MURRAY,NA,NA,NA,8,NA,,-34.216504,140.756579
GOP580,0.223103448,0.962104986,0.99100071,0.005093427,0.65672445,L_MURRAY,NA,NA,NA,6,NA,,-34.216504,140.756579
GOP581,0.235273855,1.014532681,1.045082873,-0.05911544,0.627667759,L_MURRAY,NA,409,8/5/2018,6,lower darling,NO,-34.83723,139.57341
GOP582,0.238374096,1.027617975,1.058348392,-0.032266681,0.631816488,L_MURRAY,NA,NA,NA,NA,NA,,-34.216504,140.756579
GOP583,0.227021424,0.97806636,1.008021185,-0.00643768,0.648357719,L_MURRAY,NA,NA,NA,NA,NA,,-34.216504,140.756579
GOP584,0.223561833,0.964693079,0.993594651,-0.013367018,0.651577617,L_MURRAY,NA,341,10/5/2018,6,lower darling,NO,-34.83723,139.57341
GOP585,0.230027548,0.991545194,1.021212137,-0.023008205,0.639293909,L_MURRAY,NA,NA,NA,21,NA,,-34.83723,139.57341
GOP586,0.232895646,1.005577995,1.0358642,-0.027506477,0.633334995,L_MURRAY,NA,440,10/5/2018,18,hatchery,YES,-34.83723,139.57341
GOP587,0.229468599,0.990297148,1.019885939,-0.01109536,0.641910536,L_MURRAY,NA,NA,NA,NA,NA,,-34.83723,139.57341
GOP588,0.224405377,0.967921384,0.996886134,-0.002945487,0.652276756,L_MURRAY,NA,NA,NA,NA,NA,,-34.83723,139.57341
GOP589,0.225706409,0.973649693,1.002887521,-0.006241878,0.649243249,L_MURRAY,NA,NA,NA,21,NA,,-34.83723,139.57341
GOP592,0.241571081,1.047961616,1.07972518,-0.075807788,0.618603908,MULLAROO_LINDSAY,NA,NA,NA,NA,NA,,-34.09502,141.2343
GOP593,0.239737841,1.035713481,1.066478137,-0.064669085,0.627831107,MULLAROO_LINDSAY,NA,NA,NA,NA,NA,,-34.11253,141.21405
GOP594,0.223411602,0.963966172,0.992534393,0.009805244,0.660099041,MULLAROO_LINDSAY,NA,NA,NA,NA,NA,,-34.11253,141.21405
GOP595,0.224405377,0.967780772,0.996837969,0.015593328,0.661731404,MULLAROO_LINDSAY,NA,NA,NA,NA,NA,,-34.10681,141.20687
GOP596,0.230503796,0.994461973,1.024698584,-0.016736842,0.644185131,MULLAROO_LINDSAY,NA,NA,NA,NA,NA,,-34.10681,141.20687
GOP597,0.22191592,0.95682461,0.985960663,0.000281049,0.653289081,MULLAROO_LINDSAY,NA,NA,NA,NA,NA,,-34.09547,141.06583
GOP598,0.228778468,0.988715313,1.017804711,-0.025704854,0.638571118,MULLAROO_LINDSAY,NA,NA,NA,NA,NA,,-34.09547,141.06583
GOP599,0.233367804,1.006458473,1.036715289,-0.03514264,0.629396127,MULLAROO_LINDSAY,NA,NA,NA,NA,NA,,-34.13124,141.13137
GOP600,0.228728901,0.986274663,1.015981318,-0.008705759,0.644738488,MULLAROO_LINDSAY,NA,NA,NA,NA,NA,,-34.15398,141.19124
GOP602,0.230451257,0.993494757,1.023314936,-0.018371962,0.644881901,WIMMERA,NA,NA,NA,NA,NA,,-36.72191,142.33607
GOP603,0.2311402,0.996631789,1.026561453,-0.015227863,0.640824633,WIMMERA,NA,NA,NA,NA,NA,,-36.72191,142.33607
GOP604,0.22647363,0.977062718,1.005722766,-0.003811021,0.647328163,WIMMERA,NA,NA,NA,NA,NA,,-36.69106,142.26722
GOP605,0.219924164,0.948927488,0.976917587,0.010094148,0.655592058,WIMMERA,NA,NA,NA,NA,NA,,-36.72805,142.17807
GOP606,0.202828562,0.874756056,0.901239866,0.112211168,0.694917532,WIMMERA,NA,NA,NA,NA,NA,,-36.72805,142.17807
GOP607,0.223180407,0.964358358,0.992149866,0.002254071,0.660370492,WIMMERA,NA,NA,NA,NA,NA,,-36.77859,142.06705
GOP608,0.226441146,0.977981097,1.006857697,-0.022768212,0.644289668,WIMMERA,NA,NA,NA,NA,NA,,-36.77859,142.06705
GOP609,0.233113959,1.003108363,1.033473312,-0.038526783,0.645599991,WIMMERA,NA,NA,NA,NA,NA,,-36.70884,141.98087
GOP610,0.223570191,0.964041973,0.993562952,0.009095045,0.656908637,WIMMERA,NA,NA,NA,NA,NA,,-36.70884,141.98087
GOP611,0.230424284,0.993454734,1.02370177,-0.023488229,0.640759062,WIMMERA,NA,NA,NA,NA,NA,,-36.4826,142.03405
GOP612,0.228778468,0.987520393,1.016735891,-0.025943867,0.639150863,WIMMERA,NA,NA,NA,NA,NA,,-36.4826,142.03405
GOP613,0.239236111,1.032400219,1.063300992,-0.046550653,0.634437289,WIMMERA,NA,NA,NA,NA,NA,,-36.4826,142.03405
GOP614,0.2258734,0.975773381,1.00391488,-0.00509532,0.654729975,WIMMERA,NA,NA,NA,NA,NA,,-36.13698,141.96768
GOP615,0.226629872,0.979041687,1.007712226,-0.011442508,0.647315045,WIMMERA,NA,NA,NA,NA,NA,,-36.13698,141.96768
GOP616,0.218232044,0.94054632,0.968872354,0.019268243,0.654075985,WIMMERA,NA,NA,NA,NA,NA,,-36.13698,141.96768
GOP617,0.229389445,0.989621878,1.019168726,-0.011833623,0.655248081,GOULBURN,NA,NA,NA,NA,NA,,-36.69945,145.18156
GOP618,0.225984796,0.973472598,1.002712569,-0.005083264,0.653846903,GOULBURN,NA,343,30/4/2018,8,hatchery,YES,-36.69945,145.18156
GOP619,0.231459124,0.998544257,1.02852334,-0.012459849,0.647978444,GOULBURN,NA,435,30/4/2018,9,hatchery,YES,-36.69945,145.18156
GOP620,0.208160443,0.896989464,0.923416743,0.084245629,0.681333528,GOULBURN,NA,482,30/4/2018,10,hatchery,YES,-36.69945,145.18156
GOP621,0.218728404,0.94218356,0.970707653,0.027648354,0.665273129,GOULBURN,NA,171,30/4/2018,2,hatchery,YES,-36.69945,145.18156
GOP622,0.23,0.993111693,1.022671374,-0.040072332,0.635307621,GOULBURN,NA,NA,NA,NA,NA,,-36.59471,145.23085
GOP623,0.227006545,0.978694127,1.007996096,-0.014505705,0.647569927,GOULBURN,NA,NA,NA,NA,NA,,-36.51719,145.32225
GOP624,0.212413793,0.915934972,0.94365348,0.046743259,0.673048336,GOULBURN,NA,NA,NA,NA,NA,,-36.49403,145.36894
GOP625,0.224835697,0.967729431,0.996697472,-0.00177879,0.654834189,GOULBURN,NA,346,1/5/2018,5,hatchery,YES,-36.42518,145.36416
GOP626,0.21426087,0.924094988,0.951983134,0.044096438,0.672352539,GOULBURN,NA,NA,NA,4,NA,,-36.42518,145.36416
GOP627,0.223114525,0.963625851,0.991995787,-0.016576669,0.644353169,GOULBURN,NA,NA,NA,8,NA,,-36.42518,145.36416
GOP628,0.23582296,1.016423209,1.046774165,-0.04840035,0.631048484,GOULBURN,NA,NA,NA,NA,NA,,-36.42518,145.36416
GOP630,0.237370242,1.024917064,1.055519718,-0.040875793,0.632980109,GOULBURN,NA,NA,NA,NA,NA,,-36.29596,145.36639
GOP631,0.233137323,1.004512071,1.033988348,-0.024366559,0.631867441,GOULBURN,NA,NA,NA,14,NA,,-36.29596,145.36639
GOP632,0.213103448,0.917810777,0.945287398,0.033593407,0.666926981,GOULBURN,NA,NA,NA,8,NA,,-36.20341,145.26793
GOP633,0.220873786,0.952528276,0.981419187,0.008928788,0.653240243,GOULBURN,NA,NA,NA,4,NA,,-36.24183,145.28567
GOP634,0.234906315,1.014024559,1.043874869,-0.065327919,0.620996559,GOULBURN,NA,NA,NA,NA,NA,,-36.13094,145.00287
GOP635,0.230965547,0.971270503,1.000861841,-0.001186215,0.64453644,GOULBURN,NA,520,2/5/2018,24,goulburn,NO,-36.13094,145.00287
GOP636,0.237733241,1.024125883,1.055051207,-0.046525498,0.627059532,GOULBURN,NA,NA,NA,NA,NA,,-36.09522,144.92477
GOP637,0.239568846,1.033799337,1.063991971,-0.052604442,0.627997636,GUNBOWER,NA,NA,NA,NA,NA,,-35.65354,144.14201
GOP638,0.215421853,0.927664177,0.955629455,0.040768628,0.663690227,GUNBOWER,NA,NA,NA,NA,NA,,-35.76514,144.2311
GOP639,0.231516834,0.997848609,1.02816067,-0.039765309,0.630695103,GUNBOWER,NA,NA,NA,NA,NA,,-35.80275,144.22543
GOP640,0.228640609,0.986003926,1.015389331,-0.013798391,0.642863523,GUNBOWER,NA,NA,NA,NA,NA,,-35.80275,144.22543
GOP641,0.227821885,0.983056373,1.011913212,-0.017650638,0.643886052,GUNBOWER,NA,NA,NA,NA,NA,,-35.80275,144.22543
GOP642,0.226832642,0.977159195,1.006412348,-0.019381241,0.643528006,GUNBOWER,NA,NA,NA,NA,NA,,-35.80275,144.22543
GOP643,0.228431715,0.983031698,1.01250507,-0.000758483,0.650115053,GUNBOWER,NA,NA,NA,NA,NA,,-35.88359,144.35825
GOP644,0.229173868,0.987150334,1.016220034,-0.020808475,0.645570734,GUNBOWER,NA,NA,NA,NA,NA,,-35.89939,144.34355
GOP645,0.240427734,1.037064123,1.068041091,-0.057866109,0.626471281,GUNBOWER,NA,NA,NA,NA,NA,,-35.95341,144.37578
GOP646,0.236495845,1.018790586,1.049490783,-0.041807806,0.63630564,GUNBOWER,NA,NA,NA,NA,NA,,-35.99228,144.49307
GOP647,0.227482679,0.96826427,0.99812799,-0.006580436,0.650598244,UPPER_DARLING,NA,360,24/11/2017,6,lower darling,NO,-30.234499,145.68695
GOP648,0.236214605,1.009660085,1.040554463,-0.027122071,0.639634961,UPPER_DARLING,NA,NA,NA,NA,NA,,-30.234499,145.68695
GOP649,0.215246637,0.927279426,0.95515087,0.03357132,0.668061023,UPPER_DARLING,NA,313,24/11/2017,3,warrego,NO,-30.234499,145.68695
GOP650,0.234227954,1.009768713,1.040352543,-0.040216618,0.638224147,UPPER_DARLING,NA,311,24/11/2017,3,warrego,NO,-30.234499,145.68695
GOP651,0.234676007,1.014929097,1.044336327,-0.043636112,0.637336241,UPPER_DARLING,NA,364,24/11/2017,6,mid darling,NO,-30.234499,145.68695
GOP652,0.238987166,1.03454375,1.066037993,-0.067799955,0.621273896,UPPER_DARLING,NA,473,24/11/2017,10,lower darling,NO,-30.234499,145.68695
GOP653,0.23229857,1.005770422,1.03523758,-0.055167914,0.629553227,UPPER_DARLING,NA,426,24/11/2017,6,mid darling,NO,-30.234499,145.68695
GOP654,0.24112478,1.050649024,1.082411183,-0.098937655,0.613339068,UPPER_DARLING,NA,359,24/11/2017,3,mid darling,NO,-30.234499,145.68695
GOP655,0.2541841,1.104847511,1.137165991,-0.132047596,0.604076848,UPPER_DARLING,NA,NA,NA,3,NA,,-30.234499,145.68695
GOP656,0.327629234,1.431760728,1.474932819,-0.415833012,0.466429007,UPPER_DARLING,NA,458,24/11/2017,5,mid darling,NO,-30.234499,145.68695
GOP657,0.216534071,0.93523299,0.962680427,0.035864821,0.66311584,UPPER_DARLING,NA,454,24/11/2017,10,mid darling,NO,-30.234499,145.68695
GOP658,0.212215321,0.915352528,0.943220893,0.041318996,0.664758808,UPPER_DARLING,NA,360,24/11/2017,6,mid darling,NO,-30.234499,145.68695
GOP659,0.222835461,0.962471172,0.991300652,0.00667012,0.654516511,UPPER_DARLING,NA,479,24/11/2017,10,mid darling,NO,-30.234499,145.68695
GOP660,0.231564438,0.999168581,1.028974752,-0.015802426,0.63650724,UPPER_DARLING,NA,378,24/11/2017,5,mid darling,NO,-30.234499,145.68695
GOP661,0.342317116,1.485565382,1.530608705,-0.463119081,0.443443347,UPPER_DARLING,NA,413,24/11/2017,6,mid darling,NO,-30.234499,145.68695
GOP662,0.235966736,1.022339351,1.052916989,-0.047802687,0.636352958,UPPER_DARLING,NA,435,24/11/2017,5,warrego,NO,-30.234499,145.68695
GOP663,0.223561833,0.963639718,0.9925666,0.023024015,0.65610371,UPPER_DARLING,NA,234,24/11/2017,2,hatchery,YES,-30.234499,145.68695
GOP664,0.225984796,0.976924465,1.006537297,0.002588859,0.66287517,UPPER_DARLING,NA,384,24/11/2017,4,lower darling,NO,-30.234499,145.68695
GOP665,0.234256055,1.013618058,1.04427243,-0.050367598,0.631268022,UPPER_DARLING,NA,356,24/11/2017,3,warrego,NO,-30.234499,145.68695
GOP666,0.232919255,1.005123221,1.035591076,-0.032836342,0.629859465,UPPER_DARLING,NA,406,24/11/2017,6,warrego,NO,-30.234499,145.68695
GOP667,0.249046133,1.0817676,1.114215402,-0.127508108,0.600855175,UPPER_DARLING,NA,NA,NA,3,NA,,-30.234499,145.68695
GOP668,0.235395783,1.015957588,1.04676063,-0.050986898,0.630581692,UPPER_DARLING,NA,232,24/11/2017,2,warrego,NO,-30.234499,145.68695
GOP669,0.229683196,0.990593274,1.020197199,-0.018617864,0.639904797,UPPER_DARLING,NA,436,24/11/2017,10,mid darling,NO,-30.234499,145.68695
GOP670,0.271080139,1.179592972,1.214287357,-0.218492617,0.562745575,UPPER_DARLING,NA,NA,NA,4,NA,,-30.234499,145.68695
GOP671,0.22733564,0.982731969,1.012680517,-0.0264792,0.639324113,UPPER_DARLING,NA,442,24/11/2017,6,mid darling,NO,-30.228166,145.715559
GOP672,0.216402481,0.932506198,0.960519255,0.029459201,0.659426725,UPPER_DARLING,NA,361,25/11/2017,3,warrego,NO,-30.560465,145.088695
GOP673,0.229940952,0.995286011,1.024555788,-0.019109906,0.644475864,UPPER_DARLING,NA,366,25/11/2017,6,lower darling,NO,-30.560465,145.088695
GOP674,0.338380282,1.470975085,1.5150971,-0.419207563,0.466833427,UPPER_DARLING,NA,355,25/11/2017,3,lower darling,NO,-30.560465,145.088695
GOP675,0.228362878,0.986686393,1.016276355,-0.02317373,0.647502526,UPPER_DARLING,NA,392,26/11/2017,3,warrego,NO,-30.456984,145.192114
GOP676,0.286169084,1.25332056,1.291144939,-0.27081442,0.545939216,UPPER_DARLING,NA,389,26/11/2017,3,lower darling,NO,-30.456984,145.192114
GOP677,0.231783484,0.999300735,1.028532227,-0.023120632,0.641987073,MACINTYRE,NA,420,NA,10,NA,,-28.70031645,150.5305017
GOP678,0.205934299,0.885596631,0.910813809,0.089460196,0.688065959,MACINTYRE,NA,416,NA,8,NA,,-28.70031645,150.5305017
GOP679,0.227667709,0.980111952,1.009518554,0.003056755,0.666837085,MACINTYRE,NA,315,NA,3,NA,,-28.70031645,150.5305017
GOP680,0.223031564,0.96216458,0.991423022,-0.014990994,0.648138597,MACINTYRE,NA,270,NA,3,NA,,-28.70031645,150.5305017
GOP681,0.224292616,0.967718302,0.996527119,0.008792756,0.648285896,MACINTYRE,NA,388,NA,8,NA,,-28.70031645,150.5305017
GOP682,0.229015544,0.988162596,1.017936826,-0.023846827,0.642341381,MACINTYRE,NA,258,NA,3,NA,,-28.70031645,150.5305017
GOP683,0.219021173,0.944970011,0.973033091,0.022122366,0.660309953,MACINTYRE,NA,339,NA,4,NA,,-28.70031645,150.5305017
GOP684,0.225269004,0.972753685,1.001222165,-0.006093964,0.643820821,MACINTYRE,NA,398,NA,8,NA,,-28.70031645,150.5305017
GOP685,0.228354605,0.985465259,1.014839963,-0.008098756,0.649310718,MACINTYRE,NA,358,NA,4,NA,,-28.70031645,150.5305017
GOP686,0.165280665,0.712863177,0.734656445,0.24194995,0.73996315,MACINTYRE,NA,292,NA,3,NA,,-28.70031645,150.5305017
GOP687,0.229833102,0.995510651,1.025762357,-0.026350762,0.647264539,MACINTYRE,NA,420,NA,8,NA,,-28.70031645,150.5305017
GOP688,0.227839335,0.984119343,1.013022683,0.009212786,0.660251305,MACINTYRE,NA,428,NA,12,NA,,-28.70031645,150.5305017
GOP689,0.231299552,0.997140533,1.027202441,-0.033313826,0.638687837,MACINTYRE,NA,382,NA,4,NA,,-28.70031645,150.5305017
GOP690,0.237616903,1.025774687,1.0566387,-0.048377102,0.629211975,MACINTYRE,NA,405,NA,11,NA,,-28.70031645,150.5305017
GOP691,0.302259887,1.319591365,1.360029252,-0.341202741,0.502982143,MACINTYRE,NA,395,NA,8,NA,,-28.70031645,150.5305017
GOP692,0.220420835,0.950936184,0.979577358,0.014534287,0.661230721,MACINTYRE,NA,405,NA,6,NA,,-28.70031645,150.5305017
GOP693,0.31070032,1.353362454,1.394814305,-0.356940296,0.501328628,MACINTYRE,NA,440,NA,10,NA,,-28.70031645,150.5305017
GOP694,0.235766678,1.022677331,1.054124616,-0.052799883,0.630221918,MACINTYRE,NA,439,NA,8,NA,,-28.70031645,150.5305017
GOP695,0.230024213,0.991690994,1.021062174,-0.023041522,0.63827258,MACINTYRE,NA,433,NA,8,NA,,-28.70031645,150.5305017
GOP696,0.226297578,0.975968265,1.005467326,-0.016678619,0.641062116,MACINTYRE,NA,443,NA,8,NA,,-28.70031645,150.5305017
GOP697,0.220496894,0.95089562,0.978977982,0.02886186,0.660851518,DUMARESQ,NA,460,NA,5,NA,,-28.96329,151.542971
GOP698,0.219234747,0.944416715,0.972730902,0.012617534,0.656963703,DUMARESQ,NA,445,NA,5,NA,,-28.96329,151.542971
GOP699,0.228886591,0.986556994,1.016265348,-0.023857213,0.646593927,DUMARESQ,NA,542,NA,11,NA,,-28.96329,151.542971
GOP700,0.198895028,0.85705728,0.883161458,0.097892096,0.683010145,DUMARESQ,NA,492,NA,22,NA,,-28.96329,151.542971
GOP701,0.235640138,1.016747122,1.046603531,-0.045989933,0.631046697,DUMARESQ,NA,444,NA,9,NA,,-28.96329,151.542971
GOP702,0.231219848,0.996895976,1.026839698,-0.03398382,0.63914788,DUMARESQ,NA,445,NA,8,NA,,-28.96329,151.542971
GOP703,0.226911103,0.979598258,1.009046873,-0.016878003,0.641989522,DUMARESQ,NA,442,NA,10,NA,,-28.96329,151.542971
GOP704,0.230290456,0.996043744,1.025829011,-0.030408413,0.641691314,DUMARESQ,NA,416,NA,7,NA,,-28.96329,151.542971
GOP705,0.225361819,0.972707263,1.001118915,-0.001574958,0.650925659,SEVERN,NA,299,NA,2,NA,,-29.17761,151.0957
GOP706,0.226219301,0.97651189,1.004956071,-0.002761357,0.655759087,SEVERN,NA,280,NA,3,NA,,-29.17761,151.0957
GOP707,0.221992416,0.957105936,0.985953529,0.001940947,0.649703888,SEVERN,NA,475,NA,9,NA,,-29.17761,151.0957
GOP708,0.233183857,1.0064662,1.036579958,-0.025486833,0.637422448,SEVERN,NA,510,NA,12,NA,,-29.17761,151.0957
GOP709,0.227257004,0.980506206,1.010198472,-0.016288993,0.641787331,SEVERN,NA,540,NA,21,NA,,-29.17761,151.0957
GOP710,0.22283737,0.964424164,0.993215759,-0.011873162,0.652298188,SEVERN,NA,559,NA,26,NA,,-29.17761,151.0957
GOP711,0.226310309,0.979601248,1.008659963,-0.011409718,0.646945245,SEVERN,NA,488,NA,20,NA,,-29.17761,151.0957
GOP712,0.223720609,0.965631619,0.994636226,-0.003769899,0.654405749,SEVERN,NA,475,NA,8,NA,,-29.17761,151.0957
GOP713,0.255895811,1.114667826,1.147173284,-0.168704234,0.582011622,SEVERN,NA,481,NA,10,NA,,-29.17761,151.0957
GOP714,0.245283019,1.061125108,1.09244169,-0.081704629,0.618343594,SEVERN,NA,478,NA,7,NA,,-29.17761,151.0957
GOP715,0.227131515,0.980142199,1.009495523,-0.006488951,0.653156442,SEVERN,NA,469,NA,13,NA,,-29.17761,151.0957
GOP716,0.228650138,0.985879805,1.015443078,-0.020315656,0.64114361,DUMARESQ,NA,472,NA,7,NA,,-28.96329,151.542971
GOP717,0.231034483,0.996632632,1.0262042,-0.013767608,0.642133393,DUMARESQ,NA,450,NA,7,NA,,-28.96329,151.542971
GOP718,0.226206897,0.975191397,1.004510431,-0.013607639,0.645412831,DUMARESQ,NA,464,NA,5,NA,,-28.96329,151.542971
GOP719,0.218050293,0.939726585,0.96784045,0.026320435,0.663459165,DUMARESQ,NA,458,NA,10,NA,,-28.96329,151.542971
GOP720,0.226657411,0.97877519,1.009066938,-0.011452697,0.651784301,DUMARESQ,NA,364,NA,3,NA,,-28.96329,151.542971
GOP721,0.215645552,0.931908062,0.959903514,0.025039916,0.661195617,DUMARESQ,NA,428,NA,4,NA,,-28.96329,151.542971
GOP722,0.226441146,0.977056686,1.006003675,-0.011179092,0.644700307,DUMARESQ,NA,432,NA,7,NA,,-28.96329,151.542971
GOP723,0.22053756,0.950894326,0.979234716,0.013380037,0.65224237,DUMARESQ,NA,440,NA,5,NA,,-28.96329,151.542971
GOP724,0.222375691,0.958670059,0.987589696,0.004390167,0.655548976,DUMARESQ,NA,467,NA,5,NA,,-28.96329,151.542971
GOP725,0.230265426,0.992682461,1.02222239,-0.02031232,0.649813176,DUMARESQ,NA,448,NA,9,NA,,-28.96329,151.542971
GOP726,0.229079498,0.991406607,1.020435839,-0.009080482,0.655788691,DUMARESQ,NA,405,NA,4,NA,,-28.96329,151.542971
GOP727,0.281546573,1.229053126,1.266251203,-0.253622875,0.548997977,GINGHAM,NA,NA,NA,NA,NA,,-29.4197086,149.7563467
GOP728,0.2226051,0.960250367,0.98916053,-0.009252405,0.647044214,GINGHAM,NA,350,15/2/2018,6,namoi,NO,-29.4197086,149.7563467
GOP729,0.227931034,0.982477826,1.011943229,-0.026990062,0.638999766,GWYDIR,NA,385,15/2/2018,10,NA,,-29.4791087,150.1342518
GOP730,0.389499823,1.694678622,1.746195663,-0.576968492,0.377625069,GINGHAM,NA,403,15/2/2018,8,namoi,NO,-29.4197086,149.7563467
GOP731,0.215076072,0.928875923,0.956842011,0.027853282,0.656812273,GINGHAM,NA,421,15/2/2018,7,moonie-weir,migrant,-29.4197086,149.7563467
GOP732,0.221760222,0.959567344,0.988554753,-0.001361263,0.644325949,GINGHAM,NA,378,15/2/2018,6,NA,,-29.4197086,149.7563467
GOP733,0.233137323,1.00880501,1.038470579,-0.052049265,0.628782764,GINGHAM,NA,420,15/2/2018,6,gwydir,NO,-29.4197086,149.7563467
GOP734,0.226330339,0.977645901,1.006898231,-0.007853845,0.645166471,GINGHAM,NA,377,15/2/2018,6,NA,,-29.4197086,149.7563467
GOP735,0.412552891,1.793708318,1.848289487,-0.607842359,0.361573337,GINGHAM,NA,371,15/2/2018,12,hatchery,NO,-29.4197086,149.7563467
GOP736,0.280547753,1.225673047,1.261724086,-0.254585346,0.545666749,GINGHAM,NA,376,15/2/2018,6,NA,,-29.4197086,149.7563467
GOP737,0.226896552,0.979053627,1.008632709,-0.007928419,0.643059641,GINGHAM,NA,400,2018,12,hatchery,YES,-29.4197086,149.7563467
GOP738,0.230366492,0.999397407,1.025546719,-0.012912506,0.655166217,GINGHAM,NA,345,15/2/2018,5,barwon,NO,-29.4197086,149.7563467
GOP739,0.300561798,1.313374678,1.353847495,-0.313541529,0.520229272,GINGHAM,NA,390,15/2/2018,15,NA,,-29.4197086,149.7563467
GOP740,0.310393258,1.349436222,1.390367578,-0.341869657,0.505324334,GINGHAM,NA,374,15/2/2018,8,barwon,NO,-29.4197086,149.7563467
GOP742,0.328742938,1.436129646,1.47941101,-0.402206853,0.475773361,GINGHAM,NA,NA,NA,NA,NA,,-29.4197086,149.7563467
GOP743,0.244498778,1.065205633,1.096939286,-0.096478878,0.613471826,GINGHAM,NA,414,15/2/2018,12,NA,,-29.4197086,149.7563467
GOP744,0.221140473,0.958233925,0.987228031,-0.018035217,0.643964721,GINGHAM,NA,368,15/2/2018,8,barwon,NO,-29.4197086,149.7563467
GOP745,0.308694122,1.347802496,1.388976428,-0.348550034,0.507935384,GINGHAM,NA,386,15/2/2018,8,barwon,NO,-29.4197086,149.7563467
GOP746,0.426304654,1.848585753,1.90432652,-0.642332821,0.3403398,GINGHAM,NA,390,15/2/2018,3,NA,,-29.4197086,149.7563467
GOP748,0.227021424,0.979196434,1.008717482,-0.004428133,0.654002833,GINGHAM,NA,386,15/2/2018,6,gwydir,NO,-29.4197086,149.7563467
GOP749,0.258753501,1.126663623,1.160239364,-0.164618499,0.585779482,GINGHAM,NA,375,15/2/2018,6,barwon,NO,-29.4197086,149.7563467
GOP750,0.246442208,1.06915408,1.101839494,-0.097533848,0.612684601,GINGHAM,NA,NA,NA,NA,NA,,-29.4197086,149.7563467
GOP751,0.223679669,0.964856448,0.994634177,0.007195717,0.654485932,GWYDIR,NA,381,13/2/2018,9,hatchery,YES,-29.4197086,149.7563467
GOP752,0.228778468,0.988897735,1.017565846,-0.018394752,0.649253644,GINGHAM,NA,404,15/2/2018,8,barwon,NO,-29.4197086,149.7563467
GOP753,0.234573503,0.999494618,1.030118842,-0.040663582,0.635607195,GINGHAM,NA,380,15/2/2018,6,barwon,NO,-29.4197086,149.7563467
GOP754,0.220016892,0.936875237,0.966959712,0.008039986,0.64791205,GINGHAM,NA,408,15/2/2018,12,hatchery,YES,-29.4197086,149.7563467
GOP755,0.224560193,0.96801149,0.997267648,-0.007054041,0.647732651,GINGHAM,NA,445,15/2/2018,14,NA,,-29.4197086,149.7563467
GOP756,0.316783217,1.373549119,1.415001023,-0.35990806,0.49420412,GWYDIR,NA,400,14/3/2018,9,NA,,-29.4371949,149.7854609
GOP757,0.429577465,1.864501147,1.921119059,-0.648693318,0.336420075,GWYDIR,NA,382,14/3/2018,5,barwon,NO,-29.4371949,149.7854609
GOP758,0.272886706,1.183388657,1.218812043,-0.224936162,0.55708242,GWYDIR,NA,396,14/3/2018,6,barwon,NO,-29.4371949,149.7854609
GOP759,0.444170483,1.92697838,1.984941879,-0.672058725,0.31884304,GWYDIR,NA,380,14/3/2018,8,barwon,NO,-29.4371949,149.7854609
GOP760,0.241712707,1.04551466,1.075015635,-0.065696043,0.626950195,GWYDIR,NA,347,2/5/2018,3,barwon,NO,-29.4479774,150.0285839
GOP761,0.214753533,0.925447177,0.953241524,0.017385144,0.657575832,GWYDIR,NA,396,2/5/2018,3,barwon,NO,-29.4479774,150.0285839
GOP762,0.226629872,0.978207732,1.007737079,-0.01297235,0.649768691,GWYDIR,NA,336,2/5/2018,3,barwon,NO,-29.4479774,150.0285839
GOP763,0.234218696,1.011920362,1.041863156,-0.036622288,0.637511385,GWYDIR,NA,321,2/5/2018,3,barwon,NO,-29.4479774,150.0285839
GOP764,0.223257419,0.962655971,0.991603913,0.003494797,0.65273277,GWYDIR,NA,221,2/5/2018,2,barwon,NO,-29.4479774,150.0285839
GOP765,0.232204561,1.001743213,1.032027256,-0.030803635,0.642350613,GWYDIR,NA,301,2/5/2018,6,moonie-weir,NO,-29.4479774,150.0285839
GOP766,0.232333678,1.003304186,1.032890864,-0.041515513,0.635067453,GWYDIR,NA,NA,NA,NA,NA,,-29.4479774,150.0285839
GOP767,0.212267402,0.915120114,0.94262229,0.045320801,0.671789872,GWYDIR,NA,198,2/5/2018,1,NA,,-29.4479774,150.0285839
GOP768,0.22398346,0.965591204,0.994628892,-0.00290544,0.648634086,GWYDIR,NA,302,1/5/2018,2,NA,,-29.4479774,150.0285839
GOP769,0.242246726,1.044224308,1.075478407,-0.063648104,0.629262174,GWYDIR,NA,266,1/5/2018,1,barwon,NO,-29.4479774,150.0285839
GOP770,0.240179187,1.035161612,1.066221413,-0.071494896,0.629862571,GWYDIR,NA,280,1/5/2018,2,barwon,NO,-29.4479774,150.0285839
GOP771,0.236388697,1.019454809,1.049979374,-0.032712386,0.645095981,GWYDIR,NA,457,14/3/2018,12,lower balonne,NO,-29.4371949,149.7854609
GOP772,0.227006545,0.978940834,1.008366736,-0.020181663,0.641945672,GWYDIR,NA,357,14/3/2018,6,gwydir,NO,-29.4371949,149.7854609
GOP773,0.223103448,0.961719729,0.990762603,0.012475168,0.66231714,GWYDIR,NA,425,14/3/2018,9,mid murray,NO,-29.4371949,149.7854609
GOP774,0.23283891,1.004499672,1.034871653,-0.033199064,0.643264414,GWYDIR,NA,367,14/3/2018,4,hatchery,YES,-29.4371949,149.7854609
GOP775,0.222375215,0.958878036,0.987549271,0.006058624,0.653861462,GWYDIR,NA,451,14/3/2018,10,hatchery,YES,-29.4371949,149.7854609
GOP776,0.227538726,0.981143006,1.010479982,-0.009995649,0.650098858,MURRAY-mid,NA,NA,NA,NA,NA,,-35.940953,144.464355
GOP777,0.231484671,0.998282571,1.028705752,-0.025884624,0.638269417,MURRAY-mid,NA,NA,NA,NA,NA,,-35.940953,144.464355
GOP778,0.236914601,1.021259843,1.051820379,-0.039263737,0.637925463,MURRAY-mid,NA,NA,NA,NA,NA,,-35.940953,144.464355
GOP779,0.223063683,0.961846699,0.990606699,0.011785536,0.651888439,MURRAY-mid,NA,NA,NA,NA,NA,,-35.940953,144.464355
GOP781,0.218814611,0.943267555,0.971540902,0.021047686,0.657032406,MURRAY-mid,NA,NA,NA,NA,NA,,-35.940953,144.464355
GOP782,0.235780765,1.016228698,1.046833129,-0.033226389,0.644167492,MURRAY-mid,NA,NA,NA,NA,NA,,-35.940953,144.464355
GOP783,0.227131515,0.979547492,1.009285025,-0.016104712,0.644749627,MURRAY-mid,NA,NA,NA,NA,NA,,-35.940953,144.464355
GOP784,0.234908589,1.0134912,1.044470621,-0.04194993,0.633073758,MURRAY-mid,NA,NA,NA,NA,NA,,-35.940953,144.464355
GOP786,0.303126416,1.296335386,1.336917404,-0.294665901,0.523763972,OVENS,NA,NA,NA,3,NA,,-36.1829,146.23883
GOP787,0.227862171,0.983209625,1.013166492,-0.028931179,0.639479937,MURRAY-Barmah,NA,NA,2018,12,hatchery,stocked,-35.83489,145.0525
GOP789,0.2235459,0.962434817,0.991434934,0.011000219,0.664475086,MURRAY-Barmah,NA,NA,2018,8,mid murray,migrant,-35.83489,145.0525
GOP790,0.215110178,0.929221813,0.956701968,0.038822757,0.662912958,MURRAY-Barmah,NA,NA,2018,9,lower darling,migrant,-35.83489,145.0525
GOP791,0.249040307,1.044105759,1.075800878,-0.073857343,0.616924661,MURRAY-Barmah,NA,NA,2018,16,hatchery,stocked,-35.83489,145.0525
GOP792,0.226717824,0.978516787,1.007965631,-0.021021673,0.646751403,MURRAY-Barmah,NA,NA,2018,8,broken,migrant,-35.83489,145.0525
GOP793,0.236649215,1.019580089,1.050843337,-0.041227801,0.637158312,MURRAY-Barmah,NA,NA,2018,22,mid murray,migrant,-35.83489,145.0525
GOP798,0.205943331,0.88723841,0.913849165,0.069741796,0.675356641,GOULBURN,NA,NA,NA,NA,NA,,-36.20341,145.26793
GOP799,0.22862069,0.98649969,1.015711553,-0.027371604,0.64614567,GOULBURN,NA,NA,NA,NA,NA,,-36.20341,145.26793