id,structure_order,q1,q2,q3,q4,q5,q6,q7,PHt,Hs_obs,Hs_exp,IR,HL,pop,sex,length,date,oto_age,natal_region,stocked,lat,long,sibling_group
GOP627,383,0,0.4014,0.5986,0,0,0,0,0.223114525,0.963625851,0.991995787,-0.016576669,0.644353169,GOULBURN,NA,NA,NA,8,NA,,-36.42518,145.36416,1
GOP384,145,0,0,1,0,0,0,0,0.220338983,0.951352026,0.979985947,0.012399924,0.655763241,CAMPASPE,NA,432,10/5/2018,4,hatchery,YES,-36.62228169,144.5614071,5
GOP633,388,0,0,1,0,0,0,0,0.220873786,0.952528276,0.981419187,0.008928788,0.653240243,GOULBURN,NA,NA,NA,4,NA,,-36.24183,145.28567,5
GOP366,130,0.9673,0.001,0.001,0.0025,0.0258,0.0012,0.0012,0.231863936,1.000194762,1.03088789,-0.038277825,0.63653892,CAMPASPE,NA,312,10/5/2018,2,hatchery,YES,-36.38043928,144.7088038,6
GOP367,131,0.0245,0.0075,0.001,0.9557,0.0023,0.0043,0.0047,0.225437928,0.958190095,0.987305359,0.015786043,0.657896128,CAMPASPE,NA,128,10/5/2018,1,hatchery,YES,-36.41090657,144.6690037,7
GOP368,132,0.0012,0.001,0.0012,0.9932,0.0008,0.0002,0.0025,0.218670541,0.939474267,0.9674699,0.022945266,0.665915623,CAMPASPE,NA,148,10/5/2018,1,hatchery,YES,-36.41090657,144.6690037,8
GOP389,150,0.054,0.001,0.0093,0.8852,0.0025,0.0122,0.0358,0.21500521,0.926602706,0.955141774,0.040111731,0.678148132,LODDON_PYRAMID,NA,203,18/4/2018,1,hatchery,YES,-35.73836281,143.9146652,9
GOP338,102,0.0551,0.6317,0.2608,0.004,0.0033,0.0102,0.0348,0.232149017,1.001114875,1.031141215,-0.026279618,0.639899699,LODDON_PYRAMID,NA,385,17/4/2018,7,hatchery,YES,-35.74783,143.99156,10
GOP369,133,0.053,0.8807,0.001,0.0077,0.042,0.0117,0.004,0.214134276,0.921956612,0.950063968,0.053019537,0.667190607,CAMPASPE,NA,282,8/5/2018,2,hatchery,YES,-36.41090657,144.6690037,12
GOP374,135,0.0047,0.9873,0.001,0.0015,0.0028,0.002,0.0007,0.222961148,0.95924276,0.988553282,0.0099998,0.654436292,CAMPASPE,NA,220,10/5/2018,2,hatchery,YES,-36.34962505,144.7046936,12
GOP380,141,0.6011,0,0.0916,0.0013,0.0027,0.3019,0.0015,0.218922652,0.945062275,0.973009809,0.020473611,0.662484,CAMPASPE,NA,420,9/5/2018,4,hatchery,YES,-36.56285,144.58766,13
GOP505,265,0,1,0,0,0,0,0,0.223643277,0.963816798,0.993237918,0.017692045,0.658795021,MURRAY-mid,F,522,14/5/2018,9,murrumbidgee,NO,-35.17179,143.38624,16
GOP346,110,0.0002,0.9987,0.001,0,0.0002,0,0,0.206004141,0.887871978,0.91493622,0.072447521,0.678422294,LODDON_PYRAMID,NA,506,18/4/2018,9,hatchery,YES,-35.62794,143.91714,16
GOP452,212,0.8207,0.001,0.1335,0.0012,0.0068,0.0328,0.004,0.237077877,1.022618805,1.053294341,-0.038128535,0.639513176,MACQUARIE,M,438,6/6/2018,10,hatchery,YES,-31.93445,148.14009,17
GOP436,196,0.0008,0.0182,0.0022,0,0.9777,0.0005,0.0007,0.237258953,1.024088378,1.054083222,-0.046512954,0.637085595,MACQUARIE,F,297,6/6/2018,3,hatchery,YES,-31.73379,147.96594,19
GOP462,222,0,0.0741,0.0015,0.0002,0.9241,0,0.0002,0.226818339,0.978837357,1.007812251,-0.001548308,0.657883841,MACQUARIE,F,318,6/6/2018,3,hatchery,YES,-31.93445,148.14009,19
GOP432,192,0.001,0.0825,0.0028,0.001,0.9107,0.001,0.001,0.224595246,0.968358713,0.99753982,-0.008975683,0.651516317,MACQUARIE,NA,326,7/6/2018,3,hatchery,YES,-31.65562,147.80093,19
GOP454,214,0.0033,0.001,0.001,0.0018,0.9837,0.0077,0.0015,0.233207027,1.005349194,1.035411231,-0.049097321,0.629214657,MACQUARIE,F,345,6/6/2018,4,hatchery,YES,-31.93445,148.14009,20
GOP469,229,0.0023,0,0.0007,0.001,0.9937,0.0013,0.001,0.214704867,0.925988802,0.953324774,0.039960277,0.664678393,MACQUARIE,F,320,6/6/2018,4,hatchery,YES,-31.93445,148.14009,20
GOP480,240,0.407,0.0113,0.5287,0.0025,0.02,0.0292,0.0013,0.224250775,0.966984073,0.995902231,0.001386664,0.651872912,MURRAY-mid,F,476,16/5/2018,12,murrumbidgee,NO,-35.90646,144.41703,21
GOP531,290,0.9478,0.0218,0.002,0.0047,0.0062,0.0085,0.009,0.216132368,0.932186584,0.960107564,0.020296035,0.664957059,MURRAY-dsYarrawonga,NA,460,16/6/2018,8,edward-wakool,NO,-36.006414,145.972408,22
GOP791,541,0.7078,0.001,0.0012,0.0015,0.284,0.0017,0.0028,0.249040307,1.044105759,1.075800878,-0.073857343,0.616924661,MURRAY-Barmah,NA,NA,2018,16,hatchery,stocked,-35.83489,145.0525,23
GOP438,198,0.9885,0.0022,0.001,0.0017,0.001,0.0047,0.001,0.222068966,0.958675174,0.987117207,0.008437852,0.659042201,MACQUARIE,M,413,4/6/2018,4,border,NO,-32.22741,148.2616,24
GOP337,101,0.9938,0.001,0.001,0.001,0.0012,0.001,0.001,0.230265426,0.993270731,1.023200557,-0.019377669,0.643783996,LODDON_PYRAMID,NA,373,17/4/2018,4,hatchery,YES,-35.74783,143.99156,24
GOP381,142,0.5381,0.0028,0.3287,0.0032,0.001,0.0078,0.1184,0.216477077,0.933014392,0.961014037,0.02675755,0.659990009,CAMPASPE,NA,390,9/5/2018,3,hatchery,YES,-36.56285,144.58766,25
GOP786,537,0.5617,0.0324,0.28,0.0028,0.0013,0.0142,0.1076,0.303126416,1.296335386,1.336917404,-0.294665901,0.523763972,OVENS,NA,NA,NA,3,NA,,-36.1829,146.23883,25
GOP383,144,0.005,0.0042,0.001,0.0022,0.9835,0.0013,0.0028,0.227256511,0.972873016,1.001871234,-0.008697234,0.653940153,CAMPASPE,NA,212,10/5/2018,1,hatchery,YES,-36.14625817,144.7373858,26
GOP621,377,0.903,0.0636,0.001,0.0035,0.0073,0.0162,0.0053,0.218728404,0.94218356,0.970707653,0.027648354,0.665273129,GOULBURN,NA,171,30/4/2018,2,hatchery,YES,-36.69945,145.18156,27
GOP364,128,0.4277,0.4899,0.0005,0.001,0.057,0.0215,0.0023,0.229536747,0.992432491,1.021247638,-0.01893046,0.644717104,CAMPASPE,NA,405,10/5/2018,5,hatchery,YES,-36.699744,144.5256643,28
GOP378,139,0.4457,0.5067,0.0018,0.0012,0.0207,0.0193,0.0047,0.228101378,0.972668618,1.002599481,-0.007313444,0.649324418,CAMPASPE,NA,428,9/5/2018,5,hatchery,YES,-36.56285,144.58766,28
GOP379,140,0.4582,0.4777,0.0015,0.0013,0.032,0.0267,0.0027,0.227398206,0.979926174,1.009262091,-0.004449168,0.655155821,CAMPASPE,NA,440,9/5/2018,5,hatchery,YES,-36.56285,144.58766,28
GOP385,146,0.4315,0.4085,0.001,0.001,0.1343,0.022,0.0017,0.232501733,1.003477193,1.033993272,-0.03231506,0.642402581,CAMPASPE,NA,420,10/5/2018,4,hatchery,YES,-36.62228169,144.5614071,28
GOP377,138,0.9133,0.001,0.0673,0.001,0.0017,0.008,0.0077,0.231082918,0.983884909,1.015159467,-0.014340776,0.642576714,CAMPASPE,NA,471,9/5/2018,6,hatchery,YES,-36.49706638,144.6119579,29
GOP521,280,0.7991,0.0025,0.1891,0.0008,0.0017,0.0018,0.005,0.235172414,1.014311422,1.044717086,-0.042452625,0.634372636,MURRAY-dsYarrawonga,NA,452,16/6/2018,7,hatchery,YES,-36.006414,145.972408,29
GOP391,152,0.7713,0.001,0.1727,0.001,0.0505,0.0017,0.0018,0.231219848,0.996814852,1.026646075,-0.019454135,0.641415804,MURRUMBIDGEE,NA,249,3/4/2018,3,lachlan,NO,-34.61709,146.23889,30
GOP484,244,0.0022,0.0008,0.0008,0.0003,0.001,0.9937,0.0012,0.22084196,0.952094318,0.980756569,0.023887518,0.667702768,MURRAY-mid,F,498,16/5/2018,20,hatchery,YES,-35.90646,144.41703,31
GOP394,155,0.0002,0,0,0,0,0.9998,0,0.192548747,0.833552652,0.858458172,0.141551436,0.699994026,MURRUMBIDGEE,F,453,3/4/2018,14,murrumbidgee,NO,-34.61709,146.23889,31
GOP422,182,0,0,0,0,0.0002,0.9998,0,0.19880994,0.859638997,0.885400754,0.120501735,0.690512276,MURRUMBIDGEE,M,438,4/4/2018,14,murrumbidgee,NO,-34.55772,145.82076,31
GOP449,209,0.9564,0.001,0.001,0.0012,0.0018,0.038,0.0007,0.2311402,0.996842708,1.026712775,-0.022665402,0.645065635,MACQUARIE,F,456,5/6/2018,5,hatchery,YES,-31.98735,148.17982,32
GOP466,226,0.9625,0.0018,0.001,0.001,0.0008,0.0318,0.001,0.219772649,0.947725273,0.976169132,0.023766179,0.659031516,MACQUARIE,F,352,6/6/2018,5,hatchery,YES,-31.93445,148.14009,32
GOP433,193,0.9627,0.001,0.001,0.001,0.0013,0.0317,0.0013,0.233631978,1.007580168,1.037800329,-0.037099622,0.637615083,MACQUARIE,M,377,7/6/2018,5,hatchery,YES,-31.65562,147.80093,32
GOP403,164,0.6427,0.0098,0.2866,0.0023,0.0506,0.0058,0.002,0.304934327,1.325261322,1.365914506,-0.343888889,0.508217222,MURRUMBIDGEE,M,388,3/4/2018,6,lachlan,NO,-34.61709,146.23889,32
GOP430,190,0.788,0.0025,0.002,0.001,0.0065,0.1634,0.0367,0.218081435,0.94051514,0.96858343,0.020908991,0.664738423,MACQUARIE,F,420,7/6/2018,9,border,NO,-31.65562,147.80093,33
GOP435,195,0.9802,0.001,0.0008,0.0017,0.0038,0.0107,0.0018,0.230265426,0.993269223,1.023294602,-0.015003739,0.649165106,MACQUARIE,F,333,6/6/2018,3,hatchery,YES,-31.73379,147.96594,33
GOP406,166,0.8227,0.0198,0.0083,0.001,0.0202,0.0937,0.0343,0.223885794,0.968520348,0.997577763,-0.010869757,0.649600754,MURRUMBIDGEE,M,386,3/4/2018,10,hatchery,YES,-34.61709,146.23889,33
GOP439,199,0.7155,0.002,0.2717,0.0012,0.0015,0.0052,0.003,0.233183857,1.006279384,1.036911011,-0.026796733,0.63880734,MACQUARIE,F,NA,NA,6,NA,,-32.22741,148.2616,34
GOP437,197,0.691,0.018,0.277,0.0012,0.0048,0.005,0.003,0.231060606,0.996503441,1.026425904,-0.020646071,0.643686281,MACQUARIE,M,377,6/6/2018,6,hatchery,YES,-31.73379,147.96594,34
GOP443,203,0.5763,0.1773,0.2367,0.0008,0.0025,0.0023,0.004,0.223140496,0.962186074,0.991146121,0.003576291,0.661642744,MACQUARIE,M,424,4/6/2018,5,hatchery,YES,-32.22741,148.2616,35
GOP455,215,0.6449,0.1237,0.2195,0.001,0.004,0.0027,0.0042,0.227852465,0.982239014,1.012030463,-0.004702943,0.656459163,MACQUARIE,M,404,6/6/2018,5,hatchery,YES,-31.93445,148.14009,35
GOP450,210,0.7858,0.0625,0.002,0.0634,0.0015,0.0013,0.0834,0.210961737,0.909478388,0.937129717,0.066369669,0.670236903,MACQUARIE,F,453,6/6/2018,11,hatchery,YES,-31.93445,148.14009,36
GOP445,205,0.759,0.0908,0.001,0.0702,0.001,0.0012,0.0768,0.223988939,0.967624804,0.995608629,0.012887928,0.656531096,MACQUARIE,M,441,5/6/2018,12,hatchery,YES,-31.98735,148.17982,36
GOP447,207,0.0701,0.5198,0.3684,0.0022,0.0145,0.003,0.022,0.227429359,0.980171349,1.009615375,-0.014454361,0.652820929,MACQUARIE,M,417,5/6/2018,8,border,NO,-31.98735,148.17982,37
GOP536,295,0.1985,0.4671,0.2843,0.002,0.0153,0.0033,0.0295,0.230530669,0.993796619,1.023707128,-0.040382814,0.636672459,MURRAY-dsYarrawonga,NA,427,16/6/2018,8,hatchery,YES,-36.006414,145.972408,37
GOP448,208,0.004,0.001,0.0018,0.0012,0.9888,0.0017,0.0015,0.220385675,0.94998342,0.978406838,0.018706218,0.65875075,MACQUARIE,F,310,5/6/2018,2,hatchery,YES,-31.98735,148.17982,38
GOP459,219,0.001,0.9795,0.0148,0.0012,0.001,0.0002,0.0023,0.215442951,0.928436513,0.956472385,0.039627212,0.669843203,MACQUARIE,F,453,6/6/2018,7,hatchery,YES,-31.93445,148.14009,39
GOP458,218,0.001,0.992,0.002,0.0008,0.001,0.0022,0.001,0.227773949,0.982801865,1.012305326,-0.021870343,0.645411566,MACQUARIE,M,405,6/6/2018,7,hatchery,YES,-31.93445,148.14009,39
GOP683,438,0.6712,0.001,0.0013,0.0022,0.0012,0.0033,0.3198,0.219021173,0.944970011,0.973033091,0.022122366,0.660309953,MACINTYRE,NA,339,NA,4,NA,,-28.70031645,150.5305017,41
GOP689,444,0.6428,0.001,0.0015,0.0027,0.0098,0.0127,0.3296,0.231299552,0.997140533,1.027202441,-0.033313826,0.638687837,MACINTYRE,NA,382,NA,4,NA,,-28.70031645,150.5305017,41
GOP721,476,0.1637,0.001,0.0032,0.0032,0.0012,0.001,0.8268,0.215645552,0.931908062,0.959903514,0.025039916,0.661195617,DUMARESQ,NA,428,NA,4,NA,,-28.96329,151.542971,42
GOP726,481,0.1652,0.0002,0.0002,0.0003,0.0002,0.0005,0.8335,0.229079498,0.991406607,1.020435839,-0.009080482,0.655788691,DUMARESQ,NA,405,NA,4,NA,,-28.96329,151.542971,42
GOP774,527,0.1655,0.0017,0.001,0.0015,0.0008,0.0015,0.828,0.23283891,1.004499672,1.034871653,-0.033199064,0.643264414,GWYDIR,NA,367,14/3/2018,4,hatchery,YES,-29.4371949,149.7854609,42
GOP685,440,0.1638,0.0005,0.0002,0.0012,0.0005,0.0007,0.8332,0.228354605,0.985465259,1.014839963,-0.008098756,0.649310718,MACINTYRE,NA,358,NA,4,NA,,-28.70031645,150.5305017,42
GOP699,454,0.3205,0.001,0.0015,0.0203,0.0022,0.0032,0.6514,0.228886591,0.986556994,1.016265348,-0.023857213,0.646593927,DUMARESQ,NA,542,NA,11,NA,,-28.96329,151.542971,43
GOP686,441,0.1663,0.0015,0.001,0.0012,0.0012,0.0012,0.8277,0.165280665,0.712863177,0.734656445,0.24194995,0.73996315,MACINTYRE,NA,292,NA,3,NA,,-28.70031645,150.5305017,43
GOP697,452,0.0005,0.0003,0,0.3327,0.0002,0.1667,0.4997,0.220496894,0.95089562,0.978977982,0.02886186,0.660851518,DUMARESQ,NA,460,NA,5,NA,,-28.96329,151.542971,44
GOP698,453,0.002,0.0015,0.0008,0.3302,0.0013,0.164,0.5002,0.219234747,0.944416715,0.972730902,0.012617534,0.656963703,DUMARESQ,NA,445,NA,5,NA,,-28.96329,151.542971,44
GOP718,473,0.0008,0.0005,0.0028,0.3298,0.0007,0.166,0.4993,0.226206897,0.975191397,1.004510431,-0.013607639,0.645412831,DUMARESQ,NA,464,NA,5,NA,,-28.96329,151.542971,44
GOP723,478,0.0007,0.0003,0.0005,0.3315,0.0008,0.1665,0.4997,0.22053756,0.950894326,0.979234716,0.013380037,0.65224237,DUMARESQ,NA,440,NA,5,NA,,-28.96329,151.542971,44
GOP724,479,0.0012,0.0008,0.0017,0.3305,0.001,0.1668,0.498,0.222375691,0.958670059,0.987589696,0.004390167,0.655548976,DUMARESQ,NA,467,NA,5,NA,,-28.96329,151.542971,44
GOP716,471,0.9835,0.0003,0.0025,0.001,0.0045,0.0063,0.0018,0.228650138,0.985879805,1.015443078,-0.020315656,0.64114361,DUMARESQ,NA,472,NA,7,NA,,-28.96329,151.542971,45
GOP722,477,0.983,0.001,0.0043,0.0015,0.0017,0.0063,0.0022,0.226441146,0.977056686,1.006003675,-0.011179092,0.644700307,DUMARESQ,NA,432,NA,7,NA,,-28.96329,151.542971,45
GOP730,485,0.8939,0.0057,0.001,0.0035,0.001,0.0012,0.0938,0.389499823,1.694678622,1.746195663,-0.576968492,0.377625069,GINGHAM,NA,403,15/2/2018,8,namoi,NO,-29.4197086,149.7563467,46
GOP745,499,0.782,0.0068,0.001,0.0017,0.001,0.0048,0.2027,0.308694122,1.347802496,1.388976428,-0.348550034,0.507935384,GINGHAM,NA,386,15/2/2018,8,barwon,NO,-29.4197086,149.7563467,46
GOP735,490,0.9807,0.001,0.001,0.0003,0.0042,0.0025,0.0103,0.412552891,1.793708318,1.848289487,-0.607842359,0.361573337,GINGHAM,NA,371,15/2/2018,12,hatchery,NO,-29.4197086,149.7563467,47
GOP736,491,0.5833,0.2652,0.001,0.0425,0.004,0.0065,0.0974,0.280547753,1.225673047,1.261724086,-0.254585346,0.545666749,GINGHAM,NA,376,15/2/2018,6,NA,,-29.4197086,149.7563467,47
GOP746,500,0.663,0.1393,0.0008,0.002,0.0022,0.0015,0.1912,0.426304654,1.848585753,1.90432652,-0.642332821,0.3403398,GINGHAM,NA,390,15/2/2018,3,NA,,-29.4197086,149.7563467,47
GOP738,493,0.5243,0.001,0,0.0015,0.0008,0.001,0.4714,0.230366492,0.999397407,1.025546719,-0.012912506,0.655166217,GINGHAM,NA,345,15/2/2018,5,barwon,NO,-29.4197086,149.7563467,48
GOP748,501,0.6398,0.0015,0.001,0.0017,0.01,0.0032,0.3428,0.227021424,0.979196434,1.008717482,-0.004428133,0.654002833,GINGHAM,NA,386,15/2/2018,6,gwydir,NO,-29.4197086,149.7563467,48
GOP771,524,0.6035,0.0018,0.001,0.001,0.0042,0.002,0.3865,0.236388697,1.019454809,1.049979374,-0.032712386,0.645095981,GWYDIR,NA,457,14/3/2018,12,lower balonne,NO,-29.4371949,149.7854609,48
GOP756,509,0.9767,0.0048,0.002,0.001,0.0122,0.001,0.0023,0.316783217,1.373549119,1.415001023,-0.35990806,0.49420412,GWYDIR,NA,400,14/3/2018,9,NA,,-29.4371949,149.7854609,49
GOP757,510,0.9798,0.0015,0.0023,0.001,0.0108,0.001,0.0035,0.429577465,1.864501147,1.921119059,-0.648693318,0.336420075,GWYDIR,NA,382,14/3/2018,5,barwon,NO,-29.4371949,149.7854609,49
GOP758,511,0.9458,0.001,0.0027,0.0023,0.0423,0.0012,0.0047,0.272886706,1.183388657,1.218812043,-0.224936162,0.55708242,GWYDIR,NA,396,14/3/2018,6,barwon,NO,-29.4371949,149.7854609,49
GOP759,512,0.982,0.0028,0.0017,0.0012,0.0072,0.0035,0.0017,0.444170483,1.92697838,1.984941879,-0.672058725,0.31884304,GWYDIR,NA,380,14/3/2018,8,barwon,NO,-29.4371949,149.7854609,49
GOP434,194,0.0008,0.4589,0.0007,0.0002,0.0008,0.5377,0.0008,0.241296105,1.042074626,1.072724646,-0.075631749,0.622111453,MACQUARIE,F,453,7/6/2018,8,hatchery,YES,-31.65562,147.80093,NA
GOP440,200,0.4031,0.4753,0.0023,0.001,0.0028,0.1088,0.0067,0.224517906,0.96836071,0.997361182,-0.002365102,0.647616004,MACQUARIE,F,374,4/6/2018,3,hatchery,YES,-32.22741,148.2616,NA
GOP441,201,0.4312,0.0025,0.55,0.0032,0.0095,0.0013,0.0023,0.229734391,0.99118243,1.021181989,-0.024321848,0.640122654,MACQUARIE,F,459,4/6/2018,5,border,NO,-32.22741,148.2616,NA
GOP442,202,0.8743,0.001,0.0718,0.0027,0.0325,0.016,0.0017,0.228118539,0.983828428,1.013398525,-0.006229027,0.647253642,MACQUARIE,F,394,4/6/2018,3,hatchery,YES,-32.22741,148.2616,NA
GOP444,204,0.0025,0.9798,0.0118,0.0012,0.0015,0.0015,0.0017,0.219159201,0.945700162,0.973560364,0.015407433,0.655130411,MACQUARIE,F,473,5/6/2018,8,hatchery,YES,-31.98735,148.17982,NA
GOP453,213,0.6412,0.0027,0.1957,0.0022,0.129,0.0222,0.0072,0.233287388,1.006152773,1.03657905,-0.042868041,0.640036974,MACQUARIE,F,406,6/6/2018,6,hatchery,YES,-31.93445,148.14009,NA
GOP457,217,0.0033,0.4995,0.001,0.0012,0.0038,0.4875,0.0037,0.22294969,0.961257006,0.990141187,-0.01042217,0.644753125,MACQUARIE,F,444,6/6/2018,8,hatchery,YES,-31.93445,148.14009,NA
GOP461,221,0.9785,0.001,0.0073,0.0033,0.003,0.0022,0.0047,0.233712513,1.007683014,1.038222012,-0.034653235,0.637879165,MACQUARIE,F,275,6/6/2018,3,barwon,NO,-31.93445,148.14009,NA
GOP463,223,0.9518,0.0253,0.0027,0.0017,0.0057,0.0033,0.0095,0.219159201,0.945049979,0.973123266,0.013536668,0.660956981,MACQUARIE,F,447,6/6/2018,13,hatchery,YES,-31.93445,148.14009,NA
GOP467,227,0.993,0.0012,0.0012,0.0012,0.001,0.001,0.0015,0.220573007,0.952558067,0.979837947,0.03473883,0.657241024,MACQUARIE,F,319,6/6/2018,3,macquarie,NO,-31.93445,148.14009,NA
GOP468,228,0.8737,0.001,0.1211,0.001,0.0012,0.001,0.001,0.218394764,0.942468831,0.970431118,0.02912742,0.65538504,MACQUARIE,F,377,6/6/2018,8,macquarie,NO,-31.93445,148.14009,NA
GOP471,231,0.8967,0.001,0.0227,0.0042,0.0337,0.04,0.0018,0.236814891,1.021592969,1.052588305,-0.043913311,0.633551628,MURRAY-mid,F,415,16/5/2018,8,mid murray,NO,-35.90646,144.41703,NA
GOP472,232,0.7724,0.1265,0.0022,0.0013,0.088,0.001,0.0087,0.225973131,0.974014048,1.003269434,-0.002307398,0.651025222,MURRAY-mid,F,471,16/5/2018,12,loddon,NO,-35.90646,144.41703,NA
GOP474,234,0.7377,0.0013,0.001,0.001,0.001,0.249,0.009,0.222490514,0.95846855,0.98743142,0.011545591,0.65529394,MURRAY-mid,F,460,16/5/2018,8,mid murray,NO,-35.90646,144.41703,NA
GOP477,237,0.5007,0.2562,0.1918,0.0012,0.0437,0.0037,0.0028,0.22371596,0.964315307,0.992958532,0.004925021,0.659230135,MURRAY-mid,F,452,16/5/2018,8,mid murray,NO,-35.90646,144.41703,NA
GOP478,238,0.965,0.001,0.0173,0.003,0.007,0.0017,0.005,0.208821502,0.900498699,0.927446631,0.048169097,0.674594969,MURRAY-mid,F,461,16/5/2018,9,hatchery,YES,-35.90646,144.41703,NA
GOP479,239,0.6075,0.0108,0.006,0.0087,0.3262,0.0382,0.0027,0.222068966,0.958267233,0.987505104,-0.004181818,0.651671798,MURRAY-mid,F,505,16/5/2018,13,mid murray,NO,-35.90646,144.41703,NA
GOP481,241,0.9817,0.0007,0.0098,0.0012,0.0018,0.0027,0.0022,0.232999655,1.004817683,1.034539607,-0.029911546,0.637209831,MURRAY-mid,F,481,16/5/2018,18,mid murray,NO,-35.90646,144.41703,NA
GOP482,242,0.9592,0.0032,0.0077,0.003,0.0087,0.0113,0.007,0.21865285,0.943316988,0.971630498,0.028620977,0.655515207,MURRAY-mid,F,472,16/5/2018,19,mid murray,NO,-35.90646,144.41703,NA
GOP483,243,0.9892,0.001,0.001,0.0022,0.001,0.0035,0.0022,0.232942798,1.004157013,1.034255257,-0.020044581,0.643711051,MURRAY-mid,F,494,16/5/2018,10,lower darling,NO,-35.90646,144.41703,NA
GOP487,247,0.9717,0.0022,0.001,0.0017,0.002,0.0022,0.0193,0.215246637,0.928093165,0.956002251,0.018295575,0.661148394,MURRAY-mid,F,438,15/5/2018,8,lower darling,NO,-34.70238,143.1219,NA
GOP488,248,0.9406,0.0023,0.0275,0.004,0.0023,0.0032,0.02,0.217241379,0.936116561,0.964208548,0.030250386,0.666230665,MURRAY-mid,F,457,15/5/2018,8,mid murray,NO,-34.70238,143.1219,NA
GOP490,250,0.9674,0.0197,0.0018,0.003,0.0028,0.0028,0.0025,0.219428178,0.946659146,0.974885492,0.018591471,0.658526069,MURRAY-mid,F,356,15/5/2018,5,mid murray,NO,-34.70238,143.1219,NA
GOP491,251,0.9813,0.0043,0.0033,0.0018,0.001,0.0013,0.0068,0.213842975,0.922470362,0.949999772,0.035036014,0.666021259,MURRAY-mid,F,366,15/5/2018,4,NA,,-34.70238,143.1219,NA
GOP492,252,0.9872,0.0032,0.0022,0.001,0.0012,0.0012,0.0042,0.228009659,0.982740435,1.012424391,-0.023406853,0.64052637,MURRAY-mid,F,453,15/5/2018,8,lower darling,NO,-34.70238,143.1219,NA
GOP493,253,0.9807,0.004,0.0032,0.0012,0.003,0.0028,0.0052,0.229202623,0.98945038,1.018881606,-0.022880666,0.644038013,MURRAY-mid,F,447,15/5/2018,8,lower darling,NO,-34.70238,143.1219,NA
GOP496,256,0.9472,0.0108,0.0032,0.006,0.0295,0.001,0.0023,0.221569305,0.956113056,0.98527966,0.014789647,0.651416291,MURRAY-mid,F,419,15/5/2018,6,lower darling,NO,-34.70238,143.1219,NA
GOP497,257,0.9888,0.002,0.001,0.0013,0.001,0.002,0.0038,0.220034542,0.949464078,0.977805749,0.010595703,0.657539442,MURRAY-mid,F,353,15/5/2018,4,lower darling,NO,-34.70238,143.1219,NA
GOP498,258,0.9778,0.0022,0.0017,0.001,0.0035,0.0013,0.0125,0.231484671,0.998676519,1.028487377,-0.018783989,0.639940962,MURRAY-mid,F,375,15/5/2018,7,lower darling,NO,-34.70238,143.1219,NA
GOP499,259,0.988,0.0023,0.0015,0.001,0.0037,0.002,0.0015,0.231724138,0.998977075,1.029135153,-0.028448428,0.635770327,MURRAY-mid,F,425,15/5/2018,8,lower darling,NO,-34.70238,143.1219,NA
GOP500,260,0.9867,0.0013,0.0055,0.003,0.0012,0.0013,0.001,0.22,0.948085649,0.976690751,0.020952783,0.661733325,MURRAY-mid,F,406,15/5/2018,7,hatchery,YES,-34.70238,143.1219,NA
GOP501,261,0.9868,0.001,0.0012,0.0027,0.0023,0.0035,0.0025,0.219310345,0.945461775,0.973821114,0.004659694,0.655813107,MURRAY-mid,F,363,15/5/2018,4,lower darling,NO,-34.70238,143.1219,NA
GOP502,262,0.7477,0.0015,0.004,0.211,0.0128,0.0063,0.0167,0.217271157,0.939597405,0.966668173,0.036496308,0.664437048,MURRAY-mid,F,425,15/5/2018,8,lower darling,NO,-34.70238,143.1219,NA
GOP503,263,0.9623,0.001,0.002,0.0037,0.0013,0.0238,0.0058,0.227131515,0.978273532,1.007731809,-0.016526769,0.643629985,MURRAY-mid,F,390,15/5/2018,6,lower darling,NO,-34.70238,143.1219,NA
GOP504,264,0.3305,0.001,0.3128,0.0018,0.0023,0.3487,0.0028,0.221992416,0.957925959,0.986675902,0.005758365,0.654774567,MURRAY-mid,F,456,15/5/2018,7,hatchery,YES,-34.70238,143.1219,NA
GOP506,266,0.9867,0.002,0.001,0.0012,0.004,0.0035,0.0017,0.233367804,1.00620503,1.036954956,-0.050860773,0.636355718,MURRAY-mid,F,420,14/5/2018,6,murrumbidgee,NO,-35.17179,143.38624,NA
GOP507,267,0.9793,0.0012,0.0012,0.0065,0.005,0.0038,0.003,0.223558543,0.962078616,0.990895975,0.000681128,0.661751136,MURRAY-mid,F,375,14/5/2018,7,lower darling,NO,-35.17179,143.38624,NA
GOP509,268,0.6757,0.001,0.006,0.0035,0.2919,0.0118,0.01,0.218307427,0.940996326,0.9694647,0.024419993,0.659592322,MURRAY-mid,F,300,14/5/2018,2,hatchery,YES,-35.17179,143.38624,NA
GOP511,270,0.66,0.0018,0.0137,0.001,0.227,0.0953,0.0012,0.238883144,1.029965334,1.060757206,-0.050440974,0.627402279,MURRAY-mid,F,295,14/5/2018,2,hatchery,YES,-35.17179,143.38624,NA
GOP512,271,0.99,0.0015,0.0018,0.001,0.0022,0.001,0.0025,0.219310345,0.946574684,0.974971831,0.012299974,0.659790052,MURRAY-mid,F,358,14/5/2018,8,lower darling,NO,-35.17179,143.38624,NA
GOP514,273,0.8011,0.001,0.129,0.001,0.0395,0.0246,0.0038,0.223525354,0.964225947,0.992810897,0.017855671,0.659209397,MURRAY-mid,F,445,14/5/2018,7,murrumbidgee,NO,-35.17179,143.38624,NA
GOP515,274,0.9385,0.009,0.0062,0.0083,0.001,0.0012,0.0358,0.230503796,0.994501241,1.024476508,-0.017906873,0.644005255,MURRAY-mid,F,335,14/5/2018,5,campaspe,NO,-35.17179,143.38624,NA
GOP516,275,0.9875,0.0012,0.0018,0.0042,0.0018,0.0015,0.002,0.22363887,0.965836773,0.99412669,-0.00221762,0.654632402,MURRAY-mid,F,405,14/5/2018,7,lower darling,NO,-35.17179,143.38624,NA
GOP518,277,0.6114,0.3806,0.001,0.0017,0.001,0.0032,0.0012,0.236288375,1.019854972,1.049879512,-0.052195117,0.631146623,MURRAY-mid,F,385,14/5/2018,5,mid murray,NO,-35.17179,143.38624,NA
GOP519,278,0.9812,0.0012,0.0012,0.0012,0.0013,0.012,0.002,0.216057891,0.931112423,0.95904583,0.022264758,0.65876534,MURRAY-mid,F,485,14/5/2018,18,mid murray,NO,-35.17179,143.38624,NA
GOP393,154,0.9813,0.0018,0.0022,0.0017,0.002,0.0028,0.0082,0.243120864,1.054710142,1.086106803,-0.080009244,0.619919317,MURRUMBIDGEE,F,387,3/4/2018,9,murrumbidgee,NO,-34.61709,146.23889,NA
GOP396,157,0.4518,0.5419,0.001,0.001,0.0018,0.0012,0.0013,0.261324042,1.134325237,1.168264896,-0.160970417,0.590040281,MURRUMBIDGEE,F,411,3/4/2018,6,lachlan,NO,-34.61709,146.23889,NA
GOP398,159,0.983,0.001,0.0015,0.0023,0.0017,0.0032,0.0073,0.222145329,0.960528428,0.98950189,0.004385721,0.652335523,MURRUMBIDGEE,F,317,3/4/2018,3,murrumbidgee,NO,-34.61709,146.23889,NA
GOP399,160,0.9488,0.0017,0.0023,0.014,0.028,0.0038,0.0013,0.2271777,0.982475195,1.012189229,-0.032413906,0.645165518,MURRUMBIDGEE,F,482,3/4/2018,14,murrumbidgee,NO,-34.61709,146.23889,NA
GOP400,161,0.6612,0.002,0.2716,0.0013,0.0055,0.0265,0.0318,0.24956309,1.083246559,1.115802724,-0.098203947,0.614661553,MURRUMBIDGEE,F,351,3/4/2018,3,hatchery,YES,-34.61709,146.23889,NA
GOP401,162,0.4184,0.0035,0.3515,0.0012,0.2094,0.0027,0.0133,0.248138958,1.076694809,1.107888025,-0.107182137,0.614661266,MURRUMBIDGEE,F,500,3/4/2018,16,hatchery,YES,-34.61709,146.23889,NA
GOP405,165,0.5395,0.2525,0.1681,0.001,0.0023,0.0075,0.029,0.242802636,1.047902411,1.079283251,-0.072414035,0.624079072,MURRUMBIDGEE,F,349,3/4/2018,3,murrumbidgee,NO,-34.61709,146.23889,NA
GOP407,167,0.9882,0.001,0.001,0.0017,0.006,0.0012,0.001,0.225425495,0.975524701,1.004102761,-0.018736965,0.64323165,MURRUMBIDGEE,F,295,3/4/2018,4,hatchery,YES,-34.61709,146.23889,NA
GOP408,168,0.9575,0.0302,0.0023,0.001,0.0045,0.003,0.0015,0.230689655,0.994712711,1.024897666,-0.036785638,0.63213278,MURRUMBIDGEE,F,432,4/4/2018,7,hatchery,YES,-34.545984,145.80323,NA
GOP414,174,0.9051,0.0127,0.0235,0.0033,0.0107,0.0195,0.0252,0.25,1.085679825,1.11868843,-0.141012427,0.599197782,MURRUMBIDGEE,F,383,4/4/2018,5,murrumbidgee,NO,-34.55772,145.82076,NA
GOP417,177,0.9681,0.001,0.0215,0.0017,0.0035,0.0013,0.0028,0.321212121,1.398865592,1.441020784,-0.3910133,0.480946485,MURRUMBIDGEE,F,455,4/4/2018,20,lower darling,NO,-34.55772,145.82076,NA
GOP420,180,0.9895,0.001,0.0005,0.0017,0.0013,0.0038,0.0022,0.229940952,0.996912595,1.026532647,-0.036682359,0.63880804,MURRUMBIDGEE,F,428,4/4/2018,8,mid murray,NO,-34.55772,145.82076,NA
GOP421,181,0.2777,0.2554,0.3265,0.0018,0.0851,0.0233,0.0302,0.227256884,0.988827552,1.017907857,-0.028481749,0.64205756,MURRUMBIDGEE,F,439,4/4/2018,7,hatchery,YES,-34.55772,145.82076,NA
GOP427,187,0.9517,0.0073,0.0132,0.001,0.0018,0.023,0.002,0.228197173,0.985317544,1.014770432,-0.020432766,0.645321357,MURRUMBIDGEE,F,432,5/4/2018,7,hatchery,YES,-34.5574,145.95503,NA
GOP428,188,0.9792,0.001,0.0027,0.0095,0.001,0.0022,0.0045,0.218073971,0.940980975,0.968414734,0.024781255,0.663013573,MURRUMBIDGEE,F,496,5/4/2018,19,hatchery,YES,-34.5574,145.95503,NA
GOP446,206,0.8105,0.0012,0.001,0.0028,0.022,0.1603,0.0022,0.228197173,0.983620169,1.013444398,0.002576875,0.651409854,MACQUARIE,M,344,5/6/2018,2,hatchery,YES,-31.98735,148.17982,NA
GOP451,211,0.9501,0.001,0.0022,0.0242,0.006,0.0045,0.012,0.218470021,0.941216733,0.969478009,0.011375871,0.653342721,MACQUARIE,M,372,6/6/2018,8,macquarie,NO,-31.93445,148.14009,NA
GOP456,216,0.9723,0.0022,0.0032,0.0023,0.0025,0.0073,0.0102,0.232518085,1.003093328,1.03321132,-0.036889418,0.63688769,MACQUARIE,M,420,6/6/2018,10,hatchery,YES,-31.93445,148.14009,NA
GOP460,220,0.6906,0.0815,0.0013,0.0022,0.2106,0.0043,0.0095,0.23283891,1.004478498,1.034949766,-0.019956349,0.645424414,MACQUARIE,M,397,6/6/2018,8,macquarie,NO,-31.93445,148.14009,NA
GOP464,224,0,0.9973,0.001,0.0007,0,0,0.001,0.169772257,0.731797689,0.753934723,0.242757752,0.733944883,MACQUARIE,M,407,6/6/2018,8,hatchery,YES,-31.93445,148.14009,NA
GOP465,225,0.9195,0.001,0.003,0.0223,0.009,0.0042,0.041,0.207801174,0.89631544,0.923952829,0.057386568,0.67058078,MACQUARIE,M,406,6/6/2018,13,hatchery,YES,-31.93445,148.14009,NA
GOP470,230,0.983,0.0032,0.0033,0.0013,0.0022,0.0048,0.0022,0.218696102,0.942021598,0.970616374,0.010304741,0.652143485,MURRAY-mid,M,408,16/5/2018,6,lower darling,NO,-35.90646,144.41703,NA
GOP473,233,0.4492,0.0038,0.2553,0.0018,0.279,0.0085,0.0023,0.226943005,0.980956719,1.00913987,-0.023474521,0.640486744,MURRAY-mid,M,460,16/5/2018,8,goulburn,NO,-35.90646,144.41703,NA
GOP485,245,0.9815,0.0007,0.0022,0.0015,0.001,0.0123,0.0008,0.210362694,0.909230682,0.935164428,0.060269045,0.671095366,MURRAY-mid,M,460,15/5/2018,17,mid murray,NO,-34.70238,143.1219,NA
GOP486,246,0.9204,0.0015,0.0032,0.0032,0.0028,0.011,0.058,0.221608561,0.95520644,0.983928365,0.004628936,0.650885432,MURRAY-mid,M,400,15/5/2018,7,hatchery,YES,-34.70238,143.1219,NA
GOP489,249,0.94,0.0018,0.0018,0.0035,0.0217,0.022,0.0092,0.232358003,1.001923644,1.031881978,-0.029049365,0.645371248,MURRAY-mid,M,390,15/5/2018,8,lower murray,NO,-34.70238,143.1219,NA
GOP494,254,0.9762,0.0012,0.007,0.0012,0.0047,0.0075,0.0023,0.221034483,0.952985383,0.981588902,0.01068633,0.648964839,MURRAY-mid,M,445,15/5/2018,12,mid murray,NO,-34.70238,143.1219,NA
GOP495,255,0.9883,0.0052,0.001,0.0018,0.0012,0.0012,0.0013,0.230344828,0.992785729,1.022385625,-0.020900694,0.641575258,MURRAY-mid,M,433,15/5/2018,8,lower darling,NO,-34.70238,143.1219,NA
GOP513,272,0.9575,0.0032,0.0163,0.0028,0.0025,0.0118,0.0058,0.233793103,1.007210892,1.037340739,-0.021266264,0.639980097,MURRAY-mid,M,353,14/5/2018,3,mid murray,NO,-35.17179,143.38624,NA
GOP517,276,0.9687,0.002,0.0057,0.0092,0.0087,0.0022,0.0037,0.229841489,0.9911265,1.020936926,-0.015754879,0.644012597,MURRAY-mid,M,420,14/5/2018,8,mid murray,NO,-35.17179,143.38624,NA
GOP390,151,0.3885,0.3308,0.2169,0.001,0.0494,0.0033,0.01,0.35628105,1.551370909,1.598023999,-0.464732834,0.444342045,MURRUMBIDGEE,M,411,3/4/2018,7,lachlan,NO,-34.61709,146.23889,NA
GOP395,156,0.6704,0.0015,0.0018,0.0013,0.0315,0.2907,0.0027,0.245736164,1.062939125,1.095198346,-0.087324589,0.62527267,MURRUMBIDGEE,M,388,3/4/2018,8,NA,,-34.61709,146.23889,NA
GOP397,158,0.9385,0.0093,0.0435,0.0012,0.0017,0.001,0.0048,0.24301676,1.053964808,1.085245161,-0.08934021,0.616635573,MURRUMBIDGEE,M,401,3/4/2018,8,mid murray,NO,-34.61709,146.23889,NA
GOP402,163,0.9873,0.0022,0.0057,0.001,0.0012,0.001,0.0017,0.239367311,1.0415659,1.073178644,-0.084514798,0.624988344,MURRUMBIDGEE,M,422,3/4/2018,14,hatchery,YES,-34.61709,146.23889,NA
GOP409,169,0.8892,0.0115,0.0013,0.0012,0.0683,0.0265,0.002,0.234987851,1.016687036,1.047547159,-0.050735121,0.63891717,MURRUMBIDGEE,M,411,4/4/2018,7,murrumbidgee,NO,-34.545984,145.80323,NA
GOP410,170,0.9588,0.001,0.0092,0.001,0.0117,0.0167,0.0017,0.234975147,1.003758719,1.03415572,-0.043356418,0.637539308,MURRUMBIDGEE,M,413,4/4/2018,6,hatchery,YES,-34.545984,145.80323,NA
GOP411,171,0.0228,0.6077,0.3199,0.005,0.0032,0.0032,0.0382,0.243205575,1.05577408,1.087532766,-0.086130903,0.617815313,MURRUMBIDGEE,M,NA,NA,9,NA,,-34.545984,145.80323,NA
GOP412,172,0.9873,0.0032,0.0018,0.001,0.001,0.002,0.0037,0.244677138,1.065865997,1.097712258,-0.111048772,0.613061534,MURRUMBIDGEE,M,412,4/4/2018,7,murrumbidgee,NO,-34.545984,145.80323,NA
GOP413,173,0.9893,0.001,0.004,0.001,0.002,0.0012,0.0015,0.229922992,0.992784947,1.022184054,-0.015033946,0.646007223,MURRUMBIDGEE,M,354,4/4/2018,6,hatchery,YES,-34.55772,145.82076,NA
GOP415,175,0.7761,0.0015,0.2128,0.001,0.0042,0.002,0.0025,0.23672336,1.022555806,1.053205634,-0.064096694,0.627473379,MURRUMBIDGEE,M,376,4/4/2018,6,hatchery,YES,-34.55772,145.82076,NA
GOP416,176,0.9418,0.0037,0.0018,0.02,0.0035,0.0015,0.0277,0.231969487,1.004497332,1.034989437,-0.02974544,0.648057743,MURRUMBIDGEE,M,393,4/4/2018,8,hatchery,YES,-34.55772,145.82076,NA
GOP418,178,0.9535,0.001,0.006,0.001,0.0022,0.0325,0.0038,0.235622168,1.021885477,1.052623474,-0.075292375,0.620676008,MURRUMBIDGEE,M,347,4/4/2018,5,hatchery,YES,-34.55772,145.82076,NA
GOP419,179,0.5762,0.0032,0.2022,0.0052,0.1947,0.0013,0.0172,0.24651325,1.068258431,1.100940093,-0.099886071,0.609426421,MURRUMBIDGEE,M,372,4/4/2018,7,hatchery,YES,-34.55772,145.82076,NA
GOP423,183,0.6693,0.0025,0.1648,0.001,0.1538,0.0023,0.0063,0.226800554,0.981551729,1.011278236,-0.02873605,0.639312351,MURRUMBIDGEE,M,424,4/4/2018,8,hatchery,YES,-34.55772,145.82076,NA
GOP424,184,0.8497,0.0083,0.0297,0.001,0.1085,0.0013,0.0015,0.411350018,1.790000737,1.842824545,-0.6081655,0.36227597,MURRUMBIDGEE,M,353,4/4/2018,6,hatchery,YES,-34.55772,145.82076,NA
GOP425,185,0.924,0.0037,0.001,0.001,0.0038,0.03,0.0365,0.224617524,0.973765128,1.003039175,-0.017989934,0.648606284,MURRUMBIDGEE,M,383,5/4/2018,5,murrumbidgee,NO,-34.5574,145.95503,NA
GOP426,186,0.5644,0.0023,0.1904,0.0072,0.1945,0.039,0.0022,0.232142857,1.0056768,1.035699067,-0.028702125,0.645925555,MURRUMBIDGEE,M,382,5/4/2018,6,hatchery,YES,-34.5574,145.95503,NA
GOP429,189,0.8782,0.0821,0.001,0.0008,0.0167,0.0093,0.0118,0.221147201,0.955407084,0.984134591,0.017790034,0.656273954,MURRUMBIDGEE,M,369,5/4/2018,5,hatchery,YES,-34.5574,145.95503,NA
GOP365,129,0.9783,0.001,0.0012,0.0143,0.002,0.002,0.0012,0.226985242,0.977022349,1.006828433,-0.011671791,0.650135314,CAMPASPE,NA,458,10/5/2018,6,hatchery,YES,-36.699744,144.5256643,NA
GOP375,136,0.6279,0.0536,0.1649,0.0023,0.1151,0.0058,0.0303,0.230902178,0.996596608,1.026340272,-0.033489987,0.641419901,CAMPASPE,NA,442,7/5/2018,6,hatchery,YES,-36.27481562,144.7028681,NA
GOP376,137,0.7023,0.211,0.0073,0.0052,0.0057,0.014,0.0545,0.224422442,0.961790537,0.990007991,0.012037902,0.656620441,CAMPASPE,NA,468,9/5/2018,5,hatchery,YES,-36.29801,144.70468,NA
GOP382,143,0.9823,0.0033,0.001,0.0013,0.0027,0.0075,0.0018,0.218922652,0.943837043,0.972361945,0.023147525,0.656332174,CAMPASPE,NA,384,8/5/2018,2,hatchery,YES,-36.14625817,144.7373858,NA
GOP700,455,0.8233,0.0012,0.001,0.0505,0.0052,0.0062,0.1127,0.198895028,0.85705728,0.883161458,0.097892096,0.683010145,DUMARESQ,NA,492,NA,22,NA,,-28.96329,151.542971,NA
GOP701,456,0.8269,0.001,0.0027,0.0215,0.0157,0.0128,0.1194,0.235640138,1.016747122,1.046603531,-0.045989933,0.631046697,DUMARESQ,NA,444,NA,9,NA,,-28.96329,151.542971,NA
GOP702,457,0.8923,0.0042,0.008,0.0082,0.0265,0.0177,0.0432,0.231219848,0.996895976,1.026839698,-0.03398382,0.63914788,DUMARESQ,NA,445,NA,8,NA,,-28.96329,151.542971,NA
GOP703,458,0.9682,0.0083,0.0017,0.0022,0.0057,0.0017,0.0123,0.226911103,0.979598258,1.009046873,-0.016878003,0.641989522,DUMARESQ,NA,442,NA,10,NA,,-28.96329,151.542971,NA
GOP704,459,0.9727,0.0187,0.0015,0.0038,0.001,0.001,0.0013,0.230290456,0.996043744,1.025829011,-0.030408413,0.641691314,DUMARESQ,NA,416,NA,7,NA,,-28.96329,151.542971,NA
GOP717,472,0.6053,0.0037,0.0007,0.3342,0.0038,0.0478,0.0045,0.231034483,0.996632632,1.0262042,-0.013767608,0.642133393,DUMARESQ,NA,450,NA,7,NA,,-28.96329,151.542971,NA
GOP719,474,0.987,0.0047,0.001,0.0013,0.0015,0.0027,0.0018,0.218050293,0.939726585,0.96784045,0.026320435,0.663459165,DUMARESQ,NA,458,NA,10,NA,,-28.96329,151.542971,NA
GOP720,475,0.9672,0.0025,0.002,0.0023,0.0043,0.0153,0.0063,0.226657411,0.97877519,1.009066938,-0.011452697,0.651784301,DUMARESQ,NA,364,NA,3,NA,,-28.96329,151.542971,NA
GOP725,480,0.9898,0.001,0.001,0.0025,0.0015,0.0023,0.0018,0.230265426,0.992682461,1.02222239,-0.02031232,0.649813176,DUMARESQ,NA,448,NA,9,NA,,-28.96329,151.542971,NA
GOP728,483,0.9868,0.0023,0.0022,0.0033,0.0022,0.0012,0.002,0.2226051,0.960250367,0.98916053,-0.009252405,0.647044214,GINGHAM,NA,350,15/2/2018,6,namoi,NO,-29.4197086,149.7563467,NA
GOP731,486,0.9777,0.008,0.0058,0.0012,0.0008,0.0042,0.0023,0.215076072,0.928875923,0.956842011,0.027853282,0.656812273,GINGHAM,NA,421,15/2/2018,7,moonie-weir,migrant,-29.4197086,149.7563467,NA
GOP732,487,0.9813,0.001,0.0017,0.0025,0.0067,0.0043,0.0025,0.221760222,0.959567344,0.988554753,-0.001361263,0.644325949,GINGHAM,NA,378,15/2/2018,6,NA,,-29.4197086,149.7563467,NA
GOP733,488,0.9802,0.0037,0.0103,0.001,0.0018,0.0012,0.0018,0.233137323,1.00880501,1.038470579,-0.052049265,0.628782764,GINGHAM,NA,420,15/2/2018,6,gwydir,NO,-29.4197086,149.7563467,NA
GOP734,489,0.9287,0.001,0.0018,0.0058,0.0052,0.0102,0.0473,0.226330339,0.977645901,1.006898231,-0.007853845,0.645166471,GINGHAM,NA,377,15/2/2018,6,NA,,-29.4197086,149.7563467,NA
GOP737,492,0.9822,0.0058,0.002,0.001,0.0032,0.0042,0.0017,0.226896552,0.979053627,1.008632709,-0.007928419,0.643059641,GINGHAM,NA,400,2018,12,hatchery,YES,-29.4197086,149.7563467,NA
GOP739,494,0.8766,0.001,0.0022,0.0017,0.0037,0.0013,0.1136,0.300561798,1.313374678,1.353847495,-0.313541529,0.520229272,GINGHAM,NA,390,15/2/2018,15,NA,,-29.4197086,149.7563467,NA
GOP740,495,0.9825,0.0028,0.0027,0.0028,0.0032,0.0018,0.0042,0.310393258,1.349436222,1.390367578,-0.341869657,0.505324334,GINGHAM,NA,374,15/2/2018,8,barwon,NO,-29.4197086,149.7563467,NA
GOP743,497,0.9757,0.0027,0.001,0.002,0.001,0.005,0.0127,0.244498778,1.065205633,1.096939286,-0.096478878,0.613471826,GINGHAM,NA,414,15/2/2018,12,NA,,-29.4197086,149.7563467,NA
GOP744,498,0.9827,0.001,0.0082,0.0013,0.0025,0.0023,0.002,0.221140473,0.958233925,0.987228031,-0.018035217,0.643964721,GINGHAM,NA,368,15/2/2018,8,barwon,NO,-29.4197086,149.7563467,NA
GOP749,502,0.979,0.0097,0.0058,0.001,0.0012,0.0013,0.002,0.258753501,1.126663623,1.160239364,-0.164618499,0.585779482,GINGHAM,NA,375,15/2/2018,6,barwon,NO,-29.4197086,149.7563467,NA
GOP752,505,0.8732,0.0107,0.0007,0.0013,0.0035,0.1044,0.0062,0.228778468,0.988897735,1.017565846,-0.018394752,0.649253644,GINGHAM,NA,404,15/2/2018,8,barwon,NO,-29.4197086,149.7563467,NA
GOP753,506,0.9671,0.0025,0.0105,0.0018,0.0138,0.0015,0.0027,0.234573503,0.999494618,1.030118842,-0.040663582,0.635607195,GINGHAM,NA,380,15/2/2018,6,barwon,NO,-29.4197086,149.7563467,NA
GOP754,507,0.129,0.8327,0.0012,0.0048,0.0203,0.0073,0.0047,0.220016892,0.936875237,0.966959712,0.008039986,0.64791205,GINGHAM,NA,408,15/2/2018,12,hatchery,YES,-29.4197086,149.7563467,NA
GOP755,508,0.8848,0.0043,0.0028,0.017,0.003,0.01,0.078,0.224560193,0.96801149,0.997267648,-0.007054041,0.647732651,GINGHAM,NA,445,15/2/2018,14,NA,,-29.4197086,149.7563467,NA
GOP618,374,0.2628,0.0675,0.3618,0.0012,0.008,0.281,0.0177,0.225984796,0.973472598,1.002712569,-0.005083264,0.653846903,GOULBURN,NA,343,30/4/2018,8,hatchery,YES,-36.69945,145.18156,NA
GOP619,375,0.9561,0.0008,0.0058,0.0012,0.0022,0.0327,0.0012,0.231459124,0.998544257,1.02852334,-0.012459849,0.647978444,GOULBURN,NA,435,30/4/2018,9,hatchery,YES,-36.69945,145.18156,NA
GOP620,376,0.9783,0.002,0.0082,0.0013,0.0025,0.0025,0.0052,0.208160443,0.896989464,0.923416743,0.084245629,0.681333528,GOULBURN,NA,482,30/4/2018,10,hatchery,YES,-36.69945,145.18156,NA
GOP625,381,0.015,0.0012,0.2825,0.0038,0.6917,0.0023,0.0035,0.224835697,0.967729431,0.996697472,-0.00177879,0.654834189,GOULBURN,NA,346,1/5/2018,5,hatchery,YES,-36.42518,145.36416,NA
GOP626,382,0.9332,0.015,0.0047,0.003,0.0088,0.0318,0.0035,0.21426087,0.924094988,0.951983134,0.044096438,0.672352539,GOULBURN,NA,NA,NA,4,NA,,-36.42518,145.36416,NA
GOP631,386,0.9538,0.001,0.0098,0.002,0.0045,0.0278,0.001,0.233137323,1.004512071,1.033988348,-0.024366559,0.631867441,GOULBURN,NA,NA,NA,14,NA,,-36.29596,145.36639,NA
GOP632,387,0.0737,0.5377,0.3301,0.0013,0.006,0.0078,0.0433,0.213103448,0.917810777,0.945287398,0.033593407,0.666926981,GOULBURN,NA,NA,NA,8,NA,,-36.20341,145.26793,NA
GOP635,390,0.9778,0.0045,0.0017,0.0022,0.0035,0.007,0.0033,0.230965547,0.971270503,1.000861841,-0.001186215,0.64453644,GOULBURN,NA,520,2/5/2018,24,goulburn,NO,-36.13094,145.00287,NA
GOP729,484,0.875,0.0028,0.1126,0.0017,0.0047,0.0017,0.0015,0.227931034,0.982477826,1.011943229,-0.026990062,0.638999766,GWYDIR,NA,385,15/2/2018,10,NA,,-29.4791087,150.1342518,NA
GOP751,504,0.6543,0.0032,0.001,0.0017,0.2961,0.0347,0.0092,0.223679669,0.964856448,0.994634177,0.007195717,0.654485932,GWYDIR,NA,381,13/2/2018,9,hatchery,YES,-29.4197086,149.7563467,NA
GOP760,513,0.9875,0.001,0.0047,0.0022,0.0012,0.0013,0.0022,0.241712707,1.04551466,1.075015635,-0.065696043,0.626950195,GWYDIR,NA,347,2/5/2018,3,barwon,NO,-29.4479774,150.0285839,NA
GOP761,514,0.952,0.0073,0.0008,0.018,0.0067,0.0032,0.012,0.214753533,0.925447177,0.953241524,0.017385144,0.657575832,GWYDIR,NA,396,2/5/2018,3,barwon,NO,-29.4479774,150.0285839,NA
GOP762,515,0.84,0.0017,0.003,0.0063,0.0808,0.044,0.0242,0.226629872,0.978207732,1.007737079,-0.01297235,0.649768691,GWYDIR,NA,336,2/5/2018,3,barwon,NO,-29.4479774,150.0285839,NA
GOP763,516,0.9742,0.001,0.0022,0.0078,0.001,0.0038,0.01,0.234218696,1.011920362,1.041863156,-0.036622288,0.637511385,GWYDIR,NA,321,2/5/2018,3,barwon,NO,-29.4479774,150.0285839,NA
GOP764,517,0.9868,0.0017,0.001,0.0017,0.0028,0.0033,0.0027,0.223257419,0.962655971,0.991603913,0.003494797,0.65273277,GWYDIR,NA,221,2/5/2018,2,barwon,NO,-29.4479774,150.0285839,NA
GOP765,518,0.9862,0.002,0.001,0.0013,0.006,0.0015,0.002,0.232204561,1.001743213,1.032027256,-0.030803635,0.642350613,GWYDIR,NA,301,2/5/2018,6,moonie-weir,NO,-29.4479774,150.0285839,NA
GOP767,520,0.9832,0.002,0.0038,0.0045,0.0023,0.0012,0.003,0.212267402,0.915120114,0.94262229,0.045320801,0.671789872,GWYDIR,NA,198,2/5/2018,1,NA,,-29.4479774,150.0285839,NA
GOP768,521,0.9235,0.0037,0.0213,0.0018,0.0018,0.0023,0.0455,0.22398346,0.965591204,0.994628892,-0.00290544,0.648634086,GWYDIR,NA,302,1/5/2018,2,NA,,-29.4479774,150.0285839,NA
GOP769,522,0.8401,0.001,0.002,0.1489,0.0015,0.0033,0.0032,0.242246726,1.044224308,1.075478407,-0.063648104,0.629262174,GWYDIR,NA,266,1/5/2018,1,barwon,NO,-29.4479774,150.0285839,NA
GOP770,523,0.9682,0.001,0.0017,0.004,0.004,0.011,0.0102,0.240179187,1.035161612,1.066221413,-0.071494896,0.629862571,GWYDIR,NA,280,1/5/2018,2,barwon,NO,-29.4479774,150.0285839,NA
GOP772,525,0.9479,0.0107,0.0352,0.0018,0.0017,0.0005,0.0023,0.227006545,0.978940834,1.008366736,-0.020181663,0.641945672,GWYDIR,NA,357,14/3/2018,6,gwydir,NO,-29.4371949,149.7854609,NA
GOP773,526,0.9505,0.0073,0.0017,0.0032,0.003,0.032,0.0023,0.223103448,0.961719729,0.990762603,0.012475168,0.66231714,GWYDIR,NA,425,14/3/2018,9,mid murray,NO,-29.4371949,149.7854609,NA
GOP775,528,0.986,0.001,0.001,0.002,0.0028,0.0043,0.0028,0.222375215,0.958878036,0.987549271,0.006058624,0.653861462,GWYDIR,NA,451,14/3/2018,10,hatchery,YES,-29.4371949,149.7854609,NA
GOP570,329,0.992,0.001,0.001,0.001,0.0008,0.002,0.0022,0.227288428,0.980115221,1.010181589,-0.017845631,0.642225999,L_MURRAY,NA,352,7/5/2018,7,lower darling,NO,-34.09616,140.76444,NA
GOP572,331,0.993,0.001,0.001,0.001,0.0013,0.0017,0.001,0.230610134,0.994152137,1.024331141,-0.01089476,0.653249995,L_MURRAY,NA,NA,NA,6,NA,,-34.83723,139.57341,NA
GOP574,333,0.982,0.0012,0.002,0.0018,0.003,0.0017,0.0083,0.225483425,0.973902902,1.002649108,-0.012001453,0.646414286,L_MURRAY,NA,373,7/5/2018,6,lower darling,NO,-34.09616,140.76444,NA
GOP575,334,0.9757,0.002,0.002,0.0012,0.001,0.0127,0.0055,0.227131515,0.980233969,1.009705801,-0.012085674,0.639135653,L_MURRAY,NA,NA,NA,8,NA,,-34.09616,140.76444,NA
GOP576,335,0.9802,0.001,0.0068,0.003,0.0028,0.0037,0.0025,0.223217361,0.962402992,0.991338002,0.011897096,0.657112824,L_MURRAY,NA,328,8/5/2018,4,lower murray,NO,-34.216504,140.756579,NA
GOP577,336,0.9902,0.001,0.0012,0.0022,0.001,0.0028,0.0017,0.236996211,1.02181145,1.052464469,-0.025463582,0.639603219,L_MURRAY,NA,392,8/5/2018,7,lower darling,NO,-34.83723,139.57341,NA
GOP578,337,0.9885,0.0015,0.0022,0.0015,0.001,0.0033,0.002,0.226206897,0.974931944,1.004302282,-0.012922056,0.638068903,L_MURRAY,NA,515,8/5/2018,17,lower murray,NO,-34.83723,139.57341,NA
GOP579,338,0.9631,0.0068,0.001,0.0055,0.002,0.0012,0.0203,0.226395589,0.975744682,1.005017162,-0.021465243,0.64728269,L_MURRAY,NA,NA,NA,8,NA,,-34.216504,140.756579,NA
GOP580,339,0.9833,0.0023,0.0043,0.0015,0.0038,0.001,0.0037,0.223103448,0.962104986,0.99100071,0.005093427,0.65672445,L_MURRAY,NA,NA,NA,6,NA,,-34.216504,140.756579,NA
GOP581,340,0.938,0.021,0.0035,0.0095,0.0012,0.0048,0.022,0.235273855,1.014532681,1.045082873,-0.05911544,0.627667759,L_MURRAY,NA,409,8/5/2018,6,lower darling,NO,-34.83723,139.57341,NA
GOP584,343,0.9852,0.001,0.0025,0.001,0.0018,0.0062,0.0023,0.223561833,0.964693079,0.993594651,-0.013367018,0.651577617,L_MURRAY,NA,341,10/5/2018,6,lower darling,NO,-34.83723,139.57341,NA
GOP585,344,0.9747,0.0013,0,0.002,0.0187,0.0022,0.0012,0.230027548,0.991545194,1.021212137,-0.023008205,0.639293909,L_MURRAY,NA,NA,NA,21,NA,,-34.83723,139.57341,NA
GOP586,345,0.9927,0.001,0.0012,0.001,0.001,0.0015,0.0017,0.232895646,1.005577995,1.0358642,-0.027506477,0.633334995,L_MURRAY,NA,440,10/5/2018,18,hatchery,YES,-34.83723,139.57341,NA
GOP589,348,0.9747,0.0078,0.0038,0.0012,0.0083,0.002,0.0022,0.225706409,0.973649693,1.002887521,-0.006241878,0.649243249,L_MURRAY,NA,NA,NA,21,NA,,-34.83723,139.57341,NA
GOP336,100,0.9798,0.0028,0.0075,0.001,0.001,0.0025,0.0053,0.238883144,1.029636754,1.060574777,-0.049765595,0.627643268,LODDON_PYRAMID,NA,508,19/4/2018,9,hatchery,YES,-35.86328,144.10373,NA
GOP339,103,0.9835,0.0047,0.0035,0.001,0.0023,0.004,0.001,0.226317602,0.976057315,1.005184422,-0.020728366,0.64179589,LODDON_PYRAMID,NA,415,17/4/2018,8,goulburn,NO,-35.74783,143.99156,NA
GOP340,104,0.7816,0.0015,0.0008,0.0018,0.1977,0.0015,0.015,0.234665748,1.011839252,1.042335814,-0.042782443,0.62880681,LODDON_PYRAMID,NA,382,17/4/2018,5,hatchery,YES,-35.74783,143.99156,NA
GOP341,105,0.8973,0.0025,0.0048,0.0023,0.0729,0.0182,0.002,0.22,0.948734497,0.977590051,0.003005016,0.651168494,LODDON_PYRAMID,NA,445,17/4/2018,8,goulburn,NO,-35.74783,143.99156,NA
GOP342,106,0.9388,0.0035,0.002,0.0013,0.0297,0.004,0.0207,0.236168741,1.021194736,1.050650844,-0.042601244,0.636927033,LODDON_PYRAMID,NA,450,17/4/2018,8,mid murray,NO,-35.74783,143.99156,NA
GOP343,107,0.8222,0.001,0.0172,0.0017,0.0842,0.0722,0.0017,0.235741445,1.015983926,1.046609782,-0.033936476,0.641024407,LODDON_PYRAMID,NA,515,17/4/2018,12,loddon,NO,-35.77825,144.07129,NA
GOP344,108,0.4964,0.3563,0.0137,0.0038,0.1112,0.0133,0.0052,0.237206086,1.02300482,1.053843558,-0.037463718,0.63241365,LODDON_PYRAMID,NA,312,18/4/2018,2,hatchery,YES,-35.4933,143.81903,NA
GOP345,109,0.4917,0.4986,0.001,0.0012,0.0022,0.002,0.0033,0.233483224,1.00631742,1.036687751,-0.024857825,0.641178586,LODDON_PYRAMID,NA,350,18/4/2018,2,hatchery,YES,-35.4933,143.81903,NA
GOP348,112,0.98,0.001,0.001,0.0015,0.001,0.014,0.0015,0.220603538,0.951055374,0.979637235,0.006642408,0.653777727,LODDON_PYRAMID,NA,518,16/4/2018,22,mid murray,NO,-35.92336,144.24011,NA
GOP349,113,0.8418,0.0023,0.1258,0.0007,0.0055,0.0208,0.003,0.212508639,0.916995077,0.94385934,0.066051603,0.67615681,LODDON_PYRAMID,NA,464,16/4/2018,9,broken,NO,-35.88594,144.17836,NA
GOP540,299,0.9817,0.002,0.0032,0.0058,0.0018,0.0033,0.0022,0.220613582,0.951692165,0.980265224,0.011202228,0.660364764,LOWER_DARLING,NA,363,1/5/2018,8,lower darling,NO,-32.57198,142.39546,NA
GOP543,302,0.9803,0.0018,0.001,0.002,0.0032,0.0023,0.0093,0.228857439,0.987714319,1.01773185,-0.006627166,0.645479364,LOWER_DARLING,NA,NA,NA,2,NA,,-32.57198,142.39546,NA
GOP544,303,0.9755,0.0017,0.0085,0.001,0.007,0.0043,0.002,0.228136882,0.982608682,1.01210034,-0.021130347,0.643609309,LOWER_DARLING,NA,NA,NA,1,NA,,-32.57198,142.39546,NA
GOP545,304,0.9813,0.002,0.0033,0.0028,0.001,0.0013,0.0082,0.233207027,1.005239296,1.035389561,-0.040871258,0.635735586,LOWER_DARLING,NA,328,1/5/2018,6,lower darling,NO,-32.57198,142.39546,NA
GOP546,305,0.9857,0.0017,0.0015,0.0023,0.0045,0.003,0.0013,0.219041049,0.943550825,0.971997633,0.013560058,0.661197195,LOWER_DARLING,NA,451,1/5/2018,8,lower murray,NO,-32.90602,142.37234,NA
GOP547,306,0.8741,0.004,0.0047,0.004,0.0127,0.077,0.0235,0.225129088,0.970752687,0.999778983,-0.001945369,0.647002972,LOWER_DARLING,NA,390,1/5/2018,10,mid murray,NO,-32.90602,142.37234,NA
GOP548,307,0.6917,0.0018,0.0012,0.2942,0.0012,0.003,0.007,0.227194492,0.979658675,1.008951268,0.005699106,0.653388642,LOWER_DARLING,NA,415,1/5/2018,8,lower darling,NO,-32.90602,142.37234,NA
GOP549,308,0.9502,0.0018,0.0088,0.0038,0.0022,0.0308,0.0023,0.231829142,0.999591558,1.029533666,-0.028698179,0.63417877,LOWER_DARLING,NA,351,1/5/2018,7,lower darling,NO,-32.90602,142.37234,NA
GOP553,312,0.977,0.001,0.0015,0.006,0.009,0.0032,0.0023,0.2311402,0.996255302,1.026108534,-0.017463745,0.644994897,LOWER_DARLING,NA,NA,NA,5,NA,,-33.5923,142.44168,NA
GOP557,316,0.9311,0.0018,0.0368,0.0042,0.0028,0.017,0.0062,0.22862069,0.986039429,1.015747979,-0.004202123,0.649487396,LOWER_DARLING,NA,400,2/5/2018,6,lower darling,NO,-33.5923,142.44168,NA
GOP558,317,0.9365,0.0015,0.0482,0.0035,0.0025,0.004,0.0038,0.212194282,0.914958694,0.942382163,0.052788777,0.674348505,LOWER_DARLING,NA,366,2/5/2018,6,lower darling,NO,-33.38473,142.56163,NA
GOP559,318,0.9707,0.001,0.0008,0.004,0.0013,0.0027,0.0195,0.219159201,0.945404302,0.973445342,0.020648479,0.660769918,LOWER_DARLING,NA,418,2/5/2018,7,lower darling,NO,-33.38473,142.56163,NA
GOP560,319,0.9862,0.0013,0.0022,0.0013,0.0048,0.0023,0.0018,0.223407917,0.96333103,0.992135413,-0.007862037,0.655489176,LOWER_DARLING,NA,355,2/5/2018,4,lower darling,NO,-33.38473,142.56163,NA
GOP561,320,0.9437,0.002,0.0075,0.0045,0.012,0.0025,0.0278,0.216747071,0.934312876,0.962385856,0.032076611,0.661681295,LOWER_DARLING,NA,NA,NA,1,NA,,-33.38473,142.56163,NA
GOP562,321,0.982,0.001,0.0043,0.001,0.0088,0.0013,0.0015,0.223371251,0.962904592,0.991570426,0.010205612,0.655546212,LOWER_DARLING,NA,NA,NA,1,NA,,-33.38473,142.56163,NA
GOP563,322,0.9833,0.0032,0.001,0.0023,0.0032,0.0025,0.0045,0.228886591,0.986632772,1.016116011,-0.014734183,0.645381464,LOWER_DARLING,NA,NA,NA,1,NA,,-33.38473,142.56163,NA
GOP564,323,0.9838,0.001,0.0007,0.0035,0.0015,0.0027,0.0068,0.22084196,0.951636263,0.980312793,0.021270795,0.656881091,LOWER_DARLING,NA,421,3/5/2018,8,lower darling,NO,-33.99698,141.91682,NA
GOP565,324,0.9485,0.0013,0.0102,0.0055,0.0042,0.027,0.0033,0.216011042,0.931593325,0.959324104,0.03513249,0.664068395,LOWER_DARLING,NA,330,3/5/2018,6,lower darling,NO,-33.99698,141.91682,NA
GOP566,325,0.9622,0.0027,0.003,0.0022,0.0187,0.0063,0.005,0.225094795,0.97045616,0.999797752,-0.007491852,0.650586301,LOWER_DARLING,NA,332,3/5/2018,8,lower darling,NO,-33.99698,141.91682,NA
GOP567,326,0.9843,0.001,0.001,0.0062,0.001,0.0033,0.0032,0.219655172,0.947622655,0.975844579,0.010330289,0.660116633,LOWER_DARLING,NA,355,3/5/2018,8,NA,,-33.99698,141.91682,NA
GOP568,327,0.9498,0.001,0.001,0.0389,0.0023,0.0045,0.0025,0.226095961,0.973430739,1.002978309,-0.005701697,0.654952084,LOWER_DARLING,NA,385,3/5/2018,8,lower darling,NO,-33.99698,141.91682,NA
GOP569,328,0.956,0.0008,0.001,0.0047,0.005,0.0148,0.0177,0.221187026,0.954200524,0.983144433,-0.003016783,0.657733018,LOWER_DARLING,NA,300,3/5/2018,8,lower darling,NO,-33.99698,141.91682,NA
GOP677,432,0.9105,0.0032,0.0028,0.0077,0.0018,0.0067,0.0674,0.231783484,0.999300735,1.028532227,-0.023120632,0.641987073,MACINTYRE,NA,420,NA,10,NA,,-28.70031645,150.5305017,NA
GOP678,433,0.8641,0.0524,0.0223,0.0035,0.0427,0.0042,0.0108,0.205934299,0.885596631,0.910813809,0.089460196,0.688065959,MACINTYRE,NA,416,NA,8,NA,,-28.70031645,150.5305017,NA
GOP679,434,0.5323,0.0068,0.001,0.4415,0.0132,0.001,0.0042,0.227667709,0.980111952,1.009518554,0.003056755,0.666837085,MACINTYRE,NA,315,NA,3,NA,,-28.70031645,150.5305017,NA
GOP680,435,0.9807,0.0038,0.0052,0.003,0.0015,0.0022,0.0037,0.223031564,0.96216458,0.991423022,-0.014990994,0.648138597,MACINTYRE,NA,270,NA,3,NA,,-28.70031645,150.5305017,NA
GOP681,436,0.9735,0.0143,0.0028,0.0012,0.001,0.0013,0.0058,0.224292616,0.967718302,0.996527119,0.008792756,0.648285896,MACINTYRE,NA,388,NA,8,NA,,-28.70031645,150.5305017,NA
GOP682,437,0.7728,0.001,0.0143,0.0075,0.0067,0.0015,0.1962,0.229015544,0.988162596,1.017936826,-0.023846827,0.642341381,MACINTYRE,NA,258,NA,3,NA,,-28.70031645,150.5305017,NA
GOP684,439,0.9808,0.002,0.004,0.0013,0.0075,0.0015,0.0028,0.225269004,0.972753685,1.001222165,-0.006093964,0.643820821,MACINTYRE,NA,398,NA,8,NA,,-28.70031645,150.5305017,NA
GOP687,442,0.9772,0.001,0.0032,0.0027,0.0022,0.0022,0.0117,0.229833102,0.995510651,1.025762357,-0.026350762,0.647264539,MACINTYRE,NA,420,NA,8,NA,,-28.70031645,150.5305017,NA
GOP688,443,0.404,0.0062,0.001,0.5057,0.0127,0.0043,0.0661,0.227839335,0.984119343,1.013022683,0.009212786,0.660251305,MACINTYRE,NA,428,NA,12,NA,,-28.70031645,150.5305017,NA
GOP690,445,0.8264,0.0027,0.0025,0.054,0.0053,0.0055,0.1036,0.237616903,1.025774687,1.0566387,-0.048377102,0.629211975,MACINTYRE,NA,405,NA,11,NA,,-28.70031645,150.5305017,NA
GOP691,446,0.9386,0.0012,0.002,0.0042,0.001,0.002,0.051,0.302259887,1.319591365,1.360029252,-0.341202741,0.502982143,MACINTYRE,NA,395,NA,8,NA,,-28.70031645,150.5305017,NA
GOP692,447,0.9623,0.001,0.0018,0.0012,0.0015,0.0048,0.0273,0.220420835,0.950936184,0.979577358,0.014534287,0.661230721,MACINTYRE,NA,405,NA,6,NA,,-28.70031645,150.5305017,NA
GOP693,448,0.881,0.0015,0.002,0.0922,0.0027,0.0058,0.0148,0.31070032,1.353362454,1.394814305,-0.356940296,0.501328628,MACINTYRE,NA,440,NA,10,NA,,-28.70031645,150.5305017,NA
GOP694,449,0.6927,0.001,0.001,0.0063,0.001,0.003,0.295,0.235766678,1.022677331,1.054124616,-0.052799883,0.630221918,MACINTYRE,NA,439,NA,8,NA,,-28.70031645,150.5305017,NA
GOP695,450,0.991,0.001,0.001,0.0023,0.001,0.0023,0.0013,0.230024213,0.991690994,1.021062174,-0.023041522,0.63827258,MACINTYRE,NA,433,NA,8,NA,,-28.70031645,150.5305017,NA
GOP696,451,0.9832,0.002,0.0008,0.0032,0.0028,0.0025,0.0055,0.226297578,0.975968265,1.005467326,-0.016678619,0.641062116,MACINTYRE,NA,443,NA,8,NA,,-28.70031645,150.5305017,NA
GOP431,191,0.9378,0.0037,0.0372,0.0022,0.0055,0.0013,0.0123,0.224060669,0.966570608,0.995488548,-0.007540329,0.653140792,MACQUARIE,NA,163,7/6/2018,1,border,NO,-31.65562,147.80093,NA
GOP787,538,0.6954,0.132,0.001,0.0598,0.0078,0.0198,0.0841,0.227862171,0.983209625,1.013166492,-0.028931179,0.639479937,MURRAY-Barmah,NA,NA,2018,12,hatchery,stocked,-35.83489,145.0525,NA
GOP789,539,0.7491,0.0087,0.0015,0.001,0.005,0.2314,0.0033,0.2235459,0.962434817,0.991434934,0.011000219,0.664475086,MURRAY-Barmah,NA,NA,2018,8,mid murray,migrant,-35.83489,145.0525,NA
GOP790,540,0.9745,0,0.0032,0.001,0.004,0.0153,0.002,0.215110178,0.929221813,0.956701968,0.038822757,0.662912958,MURRAY-Barmah,NA,NA,2018,9,lower darling,migrant,-35.83489,145.0525,NA
GOP792,542,0.9602,0.0155,0.0048,0.0023,0.0048,0.0013,0.011,0.226717824,0.978516787,1.007965631,-0.021021673,0.646751403,MURRAY-Barmah,NA,NA,2018,8,broken,migrant,-35.83489,145.0525,NA
GOP793,543,0.6941,0.0005,0.228,0.0015,0.0562,0.013,0.0067,0.236649215,1.019580089,1.050843337,-0.041227801,0.637158312,MURRAY-Barmah,NA,NA,2018,22,mid murray,migrant,-35.83489,145.0525,NA
GOP520,279,0.9533,0.0045,0.0302,0.001,0.0028,0.0065,0.0017,0.227319765,0.980209557,1.009770837,-0.018828321,0.641058756,MURRAY-dsYarrawonga,NA,497,16/6/2018,12,hatchery,YES,-36.006414,145.972408,NA
GOP522,281,0.8553,0.002,0.1204,0.0012,0.0133,0.0045,0.0033,0.233793103,1.008229874,1.038579248,-0.031706983,0.645750166,MURRAY-dsYarrawonga,NA,NA,2018,12,upper murray,native,-36.006414,145.972408,NA
GOP523,282,0.9688,0.001,0.001,0.0075,0.0075,0.0015,0.0127,0.227948807,0.985650596,1.01528367,-0.008364575,0.64735722,MURRAY-dsYarrawonga,NA,412,16/6/2018,11,goulburn,NO,-36.006414,145.972408,NA
GOP524,283,0.9625,0.0018,0.0018,0.0017,0.001,0.0287,0.0025,0.231749311,0.999550242,1.029484778,-0.034419455,0.643146374,MURRAY-dsYarrawonga,NA,395,16/6/2018,7,upper murray,NO,-36.006414,145.972408,NA
GOP525,284,0.5928,0.001,0.0155,0.001,0.001,0.3868,0.0018,0.25,1.083678785,1.116440269,-0.116933159,0.608146301,MURRAY-dsYarrawonga,NA,447,16/6/2018,9,mid murray,NO,-36.006414,145.972408,NA
GOP526,285,0.2825,0.5318,0.1278,0.0048,0.0013,0.0037,0.048,0.220227822,0.950532383,0.979014304,0.011982594,0.651054855,MURRAY-dsYarrawonga,NA,435,16/6/2018,5,hatchery,YES,-36.006414,145.972408,NA
GOP527,286,0.9677,0.002,0.0153,0.001,0.0032,0.009,0.0018,0.2226051,0.96021417,0.989053903,0.001921274,0.660326078,MURRAY-dsYarrawonga,NA,460,16/6/2018,15,upper murray,NO,-36.006414,145.972408,NA
GOP528,287,0.9235,0.0567,0.0008,0.001,0.0012,0.0158,0.001,0.228197173,0.984407024,1.013843148,0.0013271,0.650701651,MURRAY-dsYarrawonga,NA,409,16/6/2018,11,loddon,NO,-36.006414,145.972408,NA
GOP529,288,0.9502,0.001,0.0067,0.0017,0.0147,0.0098,0.016,0.231327801,0.998552887,1.028049241,-0.0460385,0.628876345,MURRAY-dsYarrawonga,NA,415,16/6/2018,8,hatchery,YES,-36.006414,145.972408,NA
GOP530,289,0.1255,0.0025,0.856,0.0015,0.0013,0.0078,0.0053,0.209166092,0.902163805,0.929204067,0.057713518,0.670253707,MURRAY-dsYarrawonga,NA,397,16/6/2018,5,hatchery,YES,-36.006414,145.972408,NA
GOP532,291,0.8904,0.0072,0.0018,0.001,0.0787,0.0185,0.0023,0.226551724,0.97652383,1.00579704,-0.015571301,0.652310512,MURRAY-dsYarrawonga,NA,433,16/6/2018,16,hatchery,YES,-36.006414,145.972408,NA
GOP533,292,0.675,0.0018,0.0008,0.0058,0.312,0.0028,0.0017,0.224060669,0.967977186,0.995831189,-0.002632498,0.650291571,MURRAY-dsYarrawonga,NA,482,16/6/2018,12,hatchery,YES,-36.006414,145.972408,NA
GOP534,293,0.2603,0.434,0.0022,0.0018,0.0255,0.2697,0.0065,0.233712513,1.008161912,1.038336038,-0.033593756,0.635356029,MURRAY-dsYarrawonga,NA,385,16/6/2018,9,hatchery,YES,-36.006414,145.972408,NA
GOP535,294,0.987,0.002,0.001,0.0017,0.002,0.0043,0.002,0.230556516,0.995070976,1.025053962,-0.029453112,0.636847572,MURRAY-dsYarrawonga,NA,430,16/6/2018,12,hatchery,YES,-36.006414,145.972408,NA
GOP537,296,0.4057,0.0022,0.4404,0.0015,0.1337,0.0137,0.0028,0.224560193,0.968782632,0.997896045,-0.002748081,0.652358111,MURRAY-dsYarrawonga,NA,424,16/6/2018,8,mid murray,NO,-36.006414,145.972408,NA
GOP538,297,0.718,0.0027,0.002,0.001,0.254,0.02,0.0023,0.222222222,0.958289425,0.987628893,0.0083404,0.66547252,MURRAY-dsYarrawonga,NA,281,16/6/2018,3,broken,NO,-36.006414,145.972408,NA
GOP539,298,0.9793,0.0007,0.0018,0.0028,0.0035,0.0045,0.0073,0.223149114,0.967958564,0.99612963,-0.020476613,0.64179422,MURRAY-dsYarrawonga,NA,420,16/6/2018,10,hatchery,YES,-36.006414,145.972408,NA
GOP475,235,0.9109,0.0142,0.0622,0.001,0.0048,0.0057,0.0012,0.22490514,0.96894076,0.998034374,-0.007353488,0.651616017,MURRAY-mid,NA,295,16/5/2018,4,goulburn,NO,-35.90646,144.41703,NA
GOP510,269,0.8656,0.0012,0.1164,0.0012,0.0053,0.0083,0.002,0.228778468,0.987456233,1.016933982,-0.018533226,0.644771269,MURRAY-mid,NA,305,14/5/2018,2,hatchery,YES,-35.17179,143.38624,NA
GOP392,153,0.4462,0.4534,0.0013,0.0005,0.0924,0.0038,0.0023,0.225561313,0.975163348,1.004383106,-0.008879872,0.647770964,MURRUMBIDGEE,NA,249,3/4/2018,2,lachlan,NO,-34.61709,146.23889,NA
GOP705,460,0.8795,0.0015,0.0057,0.001,0.0715,0.0398,0.001,0.225361819,0.972707263,1.001118915,-0.001574958,0.650925659,SEVERN,NA,299,NA,2,NA,,-29.17761,151.0957,NA
GOP706,461,0.5038,0.001,0.001,0.484,0.0048,0.0032,0.0022,0.226219301,0.97651189,1.004956071,-0.002761357,0.655759087,SEVERN,NA,280,NA,3,NA,,-29.17761,151.0957,NA
GOP707,462,0.8348,0.001,0.0015,0.0033,0.0025,0.1182,0.0387,0.221992416,0.957105936,0.985953529,0.001940947,0.649703888,SEVERN,NA,475,NA,9,NA,,-29.17761,151.0957,NA
GOP708,463,0.987,0.0035,0.001,0.0023,0.002,0.002,0.0022,0.233183857,1.0064662,1.036579958,-0.025486833,0.637422448,SEVERN,NA,510,NA,12,NA,,-29.17761,151.0957,NA
GOP709,464,0.8806,0.0023,0.0025,0.002,0.0012,0.0033,0.108,0.227257004,0.980506206,1.010198472,-0.016288993,0.641787331,SEVERN,NA,540,NA,21,NA,,-29.17761,151.0957,NA
GOP710,465,0.6712,0.0015,0.2396,0.0023,0.004,0.0715,0.0098,0.22283737,0.964424164,0.993215759,-0.011873162,0.652298188,SEVERN,NA,559,NA,26,NA,,-29.17761,151.0957,NA
GOP711,466,0.9843,0.001,0.001,0.001,0.0038,0.0058,0.003,0.226310309,0.979601248,1.008659963,-0.011409718,0.646945245,SEVERN,NA,488,NA,20,NA,,-29.17761,151.0957,NA
GOP712,467,0.8531,0.004,0.1257,0.001,0.0127,0.0015,0.002,0.223720609,0.965631619,0.994636226,-0.003769899,0.654405749,SEVERN,NA,475,NA,8,NA,,-29.17761,151.0957,NA
GOP713,468,0.9532,0.0297,0.0032,0.0023,0.0035,0.0052,0.003,0.255895811,1.114667826,1.147173284,-0.168704234,0.582011622,SEVERN,NA,481,NA,10,NA,,-29.17761,151.0957,NA
GOP714,469,0.785,0.007,0.0012,0.001,0.0047,0.0012,0.2,0.245283019,1.061125108,1.09244169,-0.081704629,0.618343594,SEVERN,NA,478,NA,7,NA,,-29.17761,151.0957,NA
GOP715,470,0.9875,0.0017,0.0053,0.001,0.002,0.001,0.0015,0.227131515,0.980142199,1.009495523,-0.006488951,0.653156442,SEVERN,NA,469,NA,13,NA,,-29.17761,151.0957,NA
GOP647,402,0.9805,0.0033,0.0032,0.0027,0.0018,0.0022,0.0063,0.227482679,0.96826427,0.99812799,-0.006580436,0.650598244,UPPER_DARLING,NA,360,24/11/2017,6,lower darling,NO,-30.234499,145.68695,NA
GOP649,404,0.9768,0.0118,0.0022,0.0023,0.0017,0.0012,0.004,0.215246637,0.927279426,0.95515087,0.03357132,0.668061023,UPPER_DARLING,NA,313,24/11/2017,3,warrego,NO,-30.234499,145.68695,NA
GOP650,405,0.9927,0.001,0.001,0.0013,0.0015,0.001,0.0015,0.234227954,1.009768713,1.040352543,-0.040216618,0.638224147,UPPER_DARLING,NA,311,24/11/2017,3,warrego,NO,-30.234499,145.68695,NA
GOP651,406,0.9768,0.0013,0.0033,0.004,0.0013,0.0083,0.0048,0.234676007,1.014929097,1.044336327,-0.043636112,0.637336241,UPPER_DARLING,NA,364,24/11/2017,6,mid darling,NO,-30.234499,145.68695,NA
GOP652,407,0.9773,0.003,0.0032,0.0022,0.0037,0.005,0.0057,0.238987166,1.03454375,1.066037993,-0.067799955,0.621273896,UPPER_DARLING,NA,473,24/11/2017,10,lower darling,NO,-30.234499,145.68695,NA
GOP653,408,0.9692,0.0017,0.0013,0.004,0.0045,0.0025,0.0168,0.23229857,1.005770422,1.03523758,-0.055167914,0.629553227,UPPER_DARLING,NA,426,24/11/2017,6,mid darling,NO,-30.234499,145.68695,NA
GOP654,409,0.9773,0.003,0.0032,0.0018,0.0027,0.0055,0.0065,0.24112478,1.050649024,1.082411183,-0.098937655,0.613339068,UPPER_DARLING,NA,359,24/11/2017,3,mid darling,NO,-30.234499,145.68695,NA
GOP655,410,0.956,0.0012,0.0273,0.0095,0.0012,0.002,0.0028,0.2541841,1.104847511,1.137165991,-0.132047596,0.604076848,UPPER_DARLING,NA,NA,NA,3,NA,,-30.234499,145.68695,NA
GOP656,411,0.982,0.0027,0.0037,0.002,0.001,0.0018,0.0068,0.327629234,1.431760728,1.474932819,-0.415833012,0.466429007,UPPER_DARLING,NA,458,24/11/2017,5,mid darling,NO,-30.234499,145.68695,NA
GOP657,412,0.9905,0.001,0.0013,0.0013,0.0012,0.0012,0.0035,0.216534071,0.93523299,0.962680427,0.035864821,0.66311584,UPPER_DARLING,NA,454,24/11/2017,10,mid darling,NO,-30.234499,145.68695,NA
GOP658,413,0.9508,0.006,0.001,0.001,0.0035,0.0022,0.0355,0.212215321,0.915352528,0.943220893,0.041318996,0.664758808,UPPER_DARLING,NA,360,24/11/2017,6,mid darling,NO,-30.234499,145.68695,NA
GOP659,414,0.9802,0.0017,0.0113,0.0012,0.0022,0.0017,0.0018,0.222835461,0.962471172,0.991300652,0.00667012,0.654516511,UPPER_DARLING,NA,479,24/11/2017,10,mid darling,NO,-30.234499,145.68695,NA
GOP660,415,0.9765,0.0103,0.0015,0.0012,0.005,0.0028,0.0027,0.231564438,0.999168581,1.028974752,-0.015802426,0.63650724,UPPER_DARLING,NA,378,24/11/2017,5,mid darling,NO,-30.234499,145.68695,NA
GOP661,416,0.9818,0.001,0.001,0.0073,0.0025,0.0033,0.003,0.342317116,1.485565382,1.530608705,-0.463119081,0.443443347,UPPER_DARLING,NA,413,24/11/2017,6,mid darling,NO,-30.234499,145.68695,NA
GOP662,417,0.828,0.001,0.0018,0.1585,0.0025,0.007,0.0012,0.235966736,1.022339351,1.052916989,-0.047802687,0.636352958,UPPER_DARLING,NA,435,24/11/2017,5,warrego,NO,-30.234499,145.68695,NA
GOP663,418,0.9883,0.002,0.0018,0.0017,0.0018,0.0013,0.003,0.223561833,0.963639718,0.9925666,0.023024015,0.65610371,UPPER_DARLING,NA,234,24/11/2017,2,hatchery,YES,-30.234499,145.68695,NA
GOP664,419,0.6821,0.002,0.0022,0.2989,0.0015,0.0013,0.012,0.225984796,0.976924465,1.006537297,0.002588859,0.66287517,UPPER_DARLING,NA,384,24/11/2017,4,lower darling,NO,-30.234499,145.68695,NA
GOP665,420,0.9918,0.001,0.0013,0.0017,0.001,0.0012,0.002,0.234256055,1.013618058,1.04427243,-0.050367598,0.631268022,UPPER_DARLING,NA,356,24/11/2017,3,warrego,NO,-30.234499,145.68695,NA
GOP666,421,0.9922,0.001,0.002,0.001,0.001,0.0015,0.0013,0.232919255,1.005123221,1.035591076,-0.032836342,0.629859465,UPPER_DARLING,NA,406,24/11/2017,6,warrego,NO,-30.234499,145.68695,NA
GOP667,422,0.7961,0.0075,0.0027,0.0262,0.0047,0.0573,0.1056,0.249046133,1.0817676,1.114215402,-0.127508108,0.600855175,UPPER_DARLING,NA,NA,NA,3,NA,,-30.234499,145.68695,NA
GOP668,423,0.9885,0.0012,0.001,0.0037,0.0022,0.0028,0.0007,0.235395783,1.015957588,1.04676063,-0.050986898,0.630581692,UPPER_DARLING,NA,232,24/11/2017,2,warrego,NO,-30.234499,145.68695,NA
GOP669,424,0.989,0.0013,0.001,0.001,0.0023,0.003,0.0023,0.229683196,0.990593274,1.020197199,-0.018617864,0.639904797,UPPER_DARLING,NA,436,24/11/2017,10,mid darling,NO,-30.234499,145.68695,NA
GOP670,425,0.9908,0.0028,0.001,0.001,0.0015,0.0005,0.0023,0.271080139,1.179592972,1.214287357,-0.218492617,0.562745575,UPPER_DARLING,NA,NA,NA,4,NA,,-30.234499,145.68695,NA
GOP671,426,0.945,0.009,0.0118,0.012,0.002,0.0048,0.0153,0.22733564,0.982731969,1.012680517,-0.0264792,0.639324113,UPPER_DARLING,NA,442,24/11/2017,6,mid darling,NO,-30.228166,145.715559,NA
GOP672,427,0.9717,0.001,0.002,0.0065,0.0012,0.0012,0.0165,0.216402481,0.932506198,0.960519255,0.029459201,0.659426725,UPPER_DARLING,NA,361,25/11/2017,3,warrego,NO,-30.560465,145.088695,NA
GOP673,428,0.7689,0.0058,0.0068,0.2051,0.003,0.0015,0.0088,0.229940952,0.995286011,1.024555788,-0.019109906,0.644475864,UPPER_DARLING,NA,366,25/11/2017,6,lower darling,NO,-30.560465,145.088695,NA
GOP674,429,0.9878,0.0008,0.0023,0.0013,0.0018,0.0013,0.0045,0.338380282,1.470975085,1.5150971,-0.419207563,0.466833427,UPPER_DARLING,NA,355,25/11/2017,3,lower darling,NO,-30.560465,145.088695,NA
GOP675,430,0.8725,0.0018,0.001,0.1043,0.013,0.0053,0.002,0.228362878,0.986686393,1.016276355,-0.02317373,0.647502526,UPPER_DARLING,NA,392,26/11/2017,3,warrego,NO,-30.456984,145.192114,NA
GOP676,431,0.9787,0.002,0.0015,0.0037,0.0078,0.004,0.0023,0.286169084,1.25332056,1.291144939,-0.27081442,0.545939216,UPPER_DARLING,NA,389,26/11/2017,3,lower darling,NO,-30.456984,145.192114,NA